ISO-10303-21;
HEADER;
FILE_DESCRIPTION(('Open CASCADE Model'),'2;1');
FILE_NAME('Open CASCADE Shape Model','2026-09-01T22:52:37',('Author'),(
    'Open CASCADE'),'Open CASCADE STEP processor 7.9','Open CASCADE 7.9'
  ,'Unknown');
FILE_SCHEMA(('AUTOMOTIVE_DESIGN { 1 0 10303 214 1 1 1 1 }'));
ENDSEC;
DATA;
#1 = APPLICATION_PROTOCOL_DEFINITION('international standard',
  'automotive_design',2000,#2);
#2 = APPLICATION_CONTEXT(
  'core data for automotive mechanical design processes');
#3 = SHAPE_DEFINITION_REPRESENTATION(#4,#10);
#4 = PRODUCT_DEFINITION_SHAPE('','',#5);
#5 = PRODUCT_DEFINITION('design','',#6,#9);
#6 = PRODUCT_DEFINITION_FORMATION('','',#7);
#7 = PRODUCT('StarkForgeAssembly','StarkForgeAssembly','',(#8));
#8 = PRODUCT_CONTEXT('',#2,'mechanical');
#9 = PRODUCT_DEFINITION_CONTEXT('part definition',#2,'design');
#10 = SHAPE_REPRESENTATION('',(#11,#15,#19,#23,#27,#31,#35,#39),#43);
#11 = AXIS2_PLACEMENT_3D('',#12,#13,#14);
#12 = CARTESIAN_POINT('',(0.,0.,0.));
#13 = DIRECTION('',(0.,0.,1.));
#14 = DIRECTION('',(1.,0.,-0.));
#15 = AXIS2_PLACEMENT_3D('',#16,#17,#18);
#16 = CARTESIAN_POINT('',(0.,0.,0.));
#17 = DIRECTION('',(0.,0.,1.));
#18 = DIRECTION('',(1.,0.,-0.));
#19 = AXIS2_PLACEMENT_3D('',#20,#21,#22);
#20 = CARTESIAN_POINT('',(93.,58.,25.));
#21 = DIRECTION('',(0.,0.,1.));
#22 = DIRECTION('',(1.,0.,0.));
#23 = AXIS2_PLACEMENT_3D('',#24,#25,#26);
#24 = CARTESIAN_POINT('',(-93.,58.,25.));
#25 = DIRECTION('',(0.,0.,1.));
#26 = DIRECTION('',(1.,0.,0.));
#27 = AXIS2_PLACEMENT_3D('',#28,#29,#30);
#28 = CARTESIAN_POINT('',(-93.,-58.,25.));
#29 = DIRECTION('',(0.,0.,1.));
#30 = DIRECTION('',(1.,0.,0.));
#31 = AXIS2_PLACEMENT_3D('',#32,#33,#34);
#32 = CARTESIAN_POINT('',(93.,-58.,25.));
#33 = DIRECTION('',(0.,0.,1.));
#34 = DIRECTION('',(1.,0.,0.));
#35 = AXIS2_PLACEMENT_3D('',#36,#37,#38);
#36 = CARTESIAN_POINT('',(-62.5,0.,31.));
#37 = DIRECTION('',(0.,0.,1.));
#38 = DIRECTION('',(1.,0.,0.));
#39 = AXIS2_PLACEMENT_3D('',#40,#41,#42);
#40 = CARTESIAN_POINT('',(62.5,0.,31.));
#41 = DIRECTION('',(0.,0.,1.));
#42 = DIRECTION('',(1.,0.,0.));
#43 = ( GEOMETRIC_REPRESENTATION_CONTEXT(3) 
GLOBAL_UNCERTAINTY_ASSIGNED_CONTEXT((#47)) GLOBAL_UNIT_ASSIGNED_CONTEXT(
(#44,#45,#46)) REPRESENTATION_CONTEXT('Context #1',
  '3D Context with UNIT and UNCERTAINTY') );
#44 = ( LENGTH_UNIT() NAMED_UNIT(*) SI_UNIT(.MILLI.,.METRE.) );
#45 = ( NAMED_UNIT(*) PLANE_ANGLE_UNIT() SI_UNIT($,.RADIAN.) );
#46 = ( NAMED_UNIT(*) SI_UNIT($,.STERADIAN.) SOLID_ANGLE_UNIT() );
#47 = UNCERTAINTY_MEASURE_WITH_UNIT(LENGTH_MEASURE(1.E-07),#44,
  'distance_accuracy_value','confusion accuracy');
#48 = PRODUCT_RELATED_PRODUCT_CATEGORY('part',$,(#7));
#49 = SHAPE_DEFINITION_REPRESENTATION(#50,#56);
#50 = PRODUCT_DEFINITION_SHAPE('','',#51);
#51 = PRODUCT_DEFINITION('design','',#52,#55);
#52 = PRODUCT_DEFINITION_FORMATION('','',#53);
#53 = PRODUCT('base_chassis','base_chassis','',(#54));
#54 = PRODUCT_CONTEXT('',#2,'mechanical');
#55 = PRODUCT_DEFINITION_CONTEXT('part definition',#2,'design');
#56 = ADVANCED_BREP_SHAPE_REPRESENTATION('',(#11,#57),#999);
#57 = MANIFOLD_SOLID_BREP('',#58);
#58 = CLOSED_SHELL('',(#59,#179,#484,#534,#588,#803,#830,#857,#884,#911,
    #918,#945,#972));
#59 = ADVANCED_FACE('',(#60),#74,.F.);
#60 = FACE_BOUND('',#61,.F.);
#61 = EDGE_LOOP('',(#62,#97,#125,#153));
#62 = ORIENTED_EDGE('',*,*,#63,.F.);
#63 = EDGE_CURVE('',#64,#66,#68,.T.);
#64 = VERTEX_POINT('',#65);
#65 = CARTESIAN_POINT('',(-125.,-87.,25.));
#66 = VERTEX_POINT('',#67);
#67 = CARTESIAN_POINT('',(-125.,87.,25.));
#68 = SURFACE_CURVE('',#69,(#73,#85),.PCURVE_S1.);
#69 = LINE('',#70,#71);
#70 = CARTESIAN_POINT('',(-125.,-90.,25.));
#71 = VECTOR('',#72,1.);
#72 = DIRECTION('',(0.,1.,0.));
#73 = PCURVE('',#74,#79);
#74 = PLANE('',#75);
#75 = AXIS2_PLACEMENT_3D('',#76,#77,#78);
#76 = CARTESIAN_POINT('',(-125.,-90.,0.));
#77 = DIRECTION('',(1.,0.,0.));
#78 = DIRECTION('',(0.,0.,1.));
#79 = DEFINITIONAL_REPRESENTATION('',(#80),#84);
#80 = LINE('',#81,#82);
#81 = CARTESIAN_POINT('',(25.,0.));
#82 = VECTOR('',#83,1.);
#83 = DIRECTION('',(0.,-1.));
#84 = ( GEOMETRIC_REPRESENTATION_CONTEXT(2) 
PARAMETRIC_REPRESENTATION_CONTEXT() REPRESENTATION_CONTEXT('2D SPACE',''
  ) );
#85 = PCURVE('',#86,#91);
#86 = PLANE('',#87);
#87 = AXIS2_PLACEMENT_3D('',#88,#89,#90);
#88 = CARTESIAN_POINT('',(-125.,-90.,25.));
#89 = DIRECTION('',(0.,0.,1.));
#90 = DIRECTION('',(1.,0.,0.));
#91 = DEFINITIONAL_REPRESENTATION('',(#92),#96);
#92 = LINE('',#93,#94);
#93 = CARTESIAN_POINT('',(0.,0.));
#94 = VECTOR('',#95,1.);
#95 = DIRECTION('',(0.,1.));
#96 = ( GEOMETRIC_REPRESENTATION_CONTEXT(2) 
PARAMETRIC_REPRESENTATION_CONTEXT() REPRESENTATION_CONTEXT('2D SPACE',''
  ) );
#97 = ORIENTED_EDGE('',*,*,#98,.F.);
#98 = EDGE_CURVE('',#99,#64,#101,.T.);
#99 = VERTEX_POINT('',#100);
#100 = CARTESIAN_POINT('',(-125.,-87.,0.));
#101 = SURFACE_CURVE('',#102,(#106,#113),.PCURVE_S1.);
#102 = LINE('',#103,#104);
#103 = CARTESIAN_POINT('',(-125.,-87.,0.));
#104 = VECTOR('',#105,1.);
#105 = DIRECTION('',(0.,0.,1.));
#106 = PCURVE('',#74,#107);
#107 = DEFINITIONAL_REPRESENTATION('',(#108),#112);
#108 = LINE('',#109,#110);
#109 = CARTESIAN_POINT('',(0.,-3.));
#110 = VECTOR('',#111,1.);
#111 = DIRECTION('',(1.,0.));
#112 = ( GEOMETRIC_REPRESENTATION_CONTEXT(2) 
PARAMETRIC_REPRESENTATION_CONTEXT() REPRESENTATION_CONTEXT('2D SPACE',''
  ) );
#113 = PCURVE('',#114,#119);
#114 = CYLINDRICAL_SURFACE('',#115,3.);
#115 = AXIS2_PLACEMENT_3D('',#116,#117,#118);
#116 = CARTESIAN_POINT('',(-122.,-87.,0.));
#117 = DIRECTION('',(0.,0.,1.));
#118 = DIRECTION('',(-1.,-0.,0.));
#119 = DEFINITIONAL_REPRESENTATION('',(#120),#124);
#120 = LINE('',#121,#122);
#121 = CARTESIAN_POINT('',(0.,0.));
#122 = VECTOR('',#123,1.);
#123 = DIRECTION('',(0.,1.));
#124 = ( GEOMETRIC_REPRESENTATION_CONTEXT(2) 
PARAMETRIC_REPRESENTATION_CONTEXT() REPRESENTATION_CONTEXT('2D SPACE',''
  ) );
#125 = ORIENTED_EDGE('',*,*,#126,.T.);
#126 = EDGE_CURVE('',#99,#127,#129,.T.);
#127 = VERTEX_POINT('',#128);
#128 = CARTESIAN_POINT('',(-125.,87.,0.));
#129 = SURFACE_CURVE('',#130,(#134,#141),.PCURVE_S1.);
#130 = LINE('',#131,#132);
#131 = CARTESIAN_POINT('',(-125.,-90.,0.));
#132 = VECTOR('',#133,1.);
#133 = DIRECTION('',(0.,1.,0.));
#134 = PCURVE('',#74,#135);
#135 = DEFINITIONAL_REPRESENTATION('',(#136),#140);
#136 = LINE('',#137,#138);
#137 = CARTESIAN_POINT('',(0.,0.));
#138 = VECTOR('',#139,1.);
#139 = DIRECTION('',(0.,-1.));
#140 = ( GEOMETRIC_REPRESENTATION_CONTEXT(2) 
PARAMETRIC_REPRESENTATION_CONTEXT() REPRESENTATION_CONTEXT('2D SPACE',''
  ) );
#141 = PCURVE('',#142,#147);
#142 = PLANE('',#143);
#143 = AXIS2_PLACEMENT_3D('',#144,#145,#146);
#144 = CARTESIAN_POINT('',(-125.,-90.,0.));
#145 = DIRECTION('',(0.,0.,1.));
#146 = DIRECTION('',(1.,0.,0.));
#147 = DEFINITIONAL_REPRESENTATION('',(#148),#152);
#148 = LINE('',#149,#150);
#149 = CARTESIAN_POINT('',(0.,0.));
#150 = VECTOR('',#151,1.);
#151 = DIRECTION('',(0.,1.));
#152 = ( GEOMETRIC_REPRESENTATION_CONTEXT(2) 
PARAMETRIC_REPRESENTATION_CONTEXT() REPRESENTATION_CONTEXT('2D SPACE',''
  ) );
#153 = ORIENTED_EDGE('',*,*,#154,.T.);
#154 = EDGE_CURVE('',#127,#66,#155,.T.);
#155 = SURFACE_CURVE('',#156,(#160,#167),.PCURVE_S1.);
#156 = LINE('',#157,#158);
#157 = CARTESIAN_POINT('',(-125.,87.,0.));
#158 = VECTOR('',#159,1.);
#159 = DIRECTION('',(0.,0.,1.));
#160 = PCURVE('',#74,#161);
#161 = DEFINITIONAL_REPRESENTATION('',(#162),#166);
#162 = LINE('',#163,#164);
#163 = CARTESIAN_POINT('',(0.,-177.));
#164 = VECTOR('',#165,1.);
#165 = DIRECTION('',(1.,0.));
#166 = ( GEOMETRIC_REPRESENTATION_CONTEXT(2) 
PARAMETRIC_REPRESENTATION_CONTEXT() REPRESENTATION_CONTEXT('2D SPACE',''
  ) );
#167 = PCURVE('',#168,#173);
#168 = CYLINDRICAL_SURFACE('',#169,3.);
#169 = AXIS2_PLACEMENT_3D('',#170,#171,#172);
#170 = CARTESIAN_POINT('',(-122.,87.,0.));
#171 = DIRECTION('',(0.,0.,1.));
#172 = DIRECTION('',(-1.,-0.,0.));
#173 = DEFINITIONAL_REPRESENTATION('',(#174),#178);
#174 = LINE('',#175,#176);
#175 = CARTESIAN_POINT('',(-0.,0.));
#176 = VECTOR('',#177,1.);
#177 = DIRECTION('',(-0.,1.));
#178 = ( GEOMETRIC_REPRESENTATION_CONTEXT(2) 
PARAMETRIC_REPRESENTATION_CONTEXT() REPRESENTATION_CONTEXT('2D SPACE',''
  ) );
#179 = ADVANCED_FACE('',(#180,#379,#414,#449),#86,.T.);
#180 = FACE_BOUND('',#181,.T.);
#181 = EDGE_LOOP('',(#182,#183,#207,#235,#268,#296,#325,#353));
#182 = ORIENTED_EDGE('',*,*,#63,.F.);
#183 = ORIENTED_EDGE('',*,*,#184,.T.);
#184 = EDGE_CURVE('',#64,#185,#187,.T.);
#185 = VERTEX_POINT('',#186);
#186 = CARTESIAN_POINT('',(-122.,-90.,25.));
#187 = SURFACE_CURVE('',#188,(#193,#200),.PCURVE_S1.);
#188 = CIRCLE('',#189,3.);
#189 = AXIS2_PLACEMENT_3D('',#190,#191,#192);
#190 = CARTESIAN_POINT('',(-122.,-87.,25.));
#191 = DIRECTION('',(0.,0.,1.));
#192 = DIRECTION('',(0.,-1.,0.));
#193 = PCURVE('',#86,#194);
#194 = DEFINITIONAL_REPRESENTATION('',(#195),#199);
#195 = CIRCLE('',#196,3.);
#196 = AXIS2_PLACEMENT_2D('',#197,#198);
#197 = CARTESIAN_POINT('',(3.,3.));
#198 = DIRECTION('',(0.,-1.));
#199 = ( GEOMETRIC_REPRESENTATION_CONTEXT(2) 
PARAMETRIC_REPRESENTATION_CONTEXT() REPRESENTATION_CONTEXT('2D SPACE',''
  ) );
#200 = PCURVE('',#114,#201);
#201 = DEFINITIONAL_REPRESENTATION('',(#202),#206);
#202 = LINE('',#203,#204);
#203 = CARTESIAN_POINT('',(-4.712388980385,25.));
#204 = VECTOR('',#205,1.);
#205 = DIRECTION('',(1.,0.));
#206 = ( GEOMETRIC_REPRESENTATION_CONTEXT(2) 
PARAMETRIC_REPRESENTATION_CONTEXT() REPRESENTATION_CONTEXT('2D SPACE',''
  ) );
#207 = ORIENTED_EDGE('',*,*,#208,.T.);
#208 = EDGE_CURVE('',#185,#209,#211,.T.);
#209 = VERTEX_POINT('',#210);
#210 = CARTESIAN_POINT('',(122.,-90.,25.));
#211 = SURFACE_CURVE('',#212,(#216,#223),.PCURVE_S1.);
#212 = LINE('',#213,#214);
#213 = CARTESIAN_POINT('',(-125.,-90.,25.));
#214 = VECTOR('',#215,1.);
#215 = DIRECTION('',(1.,0.,0.));
#216 = PCURVE('',#86,#217);
#217 = DEFINITIONAL_REPRESENTATION('',(#218),#222);
#218 = LINE('',#219,#220);
#219 = CARTESIAN_POINT('',(0.,0.));
#220 = VECTOR('',#221,1.);
#221 = DIRECTION('',(1.,0.));
#222 = ( GEOMETRIC_REPRESENTATION_CONTEXT(2) 
PARAMETRIC_REPRESENTATION_CONTEXT() REPRESENTATION_CONTEXT('2D SPACE',''
  ) );
#223 = PCURVE('',#224,#229);
#224 = PLANE('',#225);
#225 = AXIS2_PLACEMENT_3D('',#226,#227,#228);
#226 = CARTESIAN_POINT('',(-125.,-90.,0.));
#227 = DIRECTION('',(0.,1.,0.));
#228 = DIRECTION('',(0.,0.,1.));
#229 = DEFINITIONAL_REPRESENTATION('',(#230),#234);
#230 = LINE('',#231,#232);
#231 = CARTESIAN_POINT('',(25.,0.));
#232 = VECTOR('',#233,1.);
#233 = DIRECTION('',(0.,1.));
#234 = ( GEOMETRIC_REPRESENTATION_CONTEXT(2) 
PARAMETRIC_REPRESENTATION_CONTEXT() REPRESENTATION_CONTEXT('2D SPACE',''
  ) );
#235 = ORIENTED_EDGE('',*,*,#236,.F.);
#236 = EDGE_CURVE('',#237,#209,#239,.T.);
#237 = VERTEX_POINT('',#238);
#238 = CARTESIAN_POINT('',(125.,-87.,25.));
#239 = SURFACE_CURVE('',#240,(#245,#256),.PCURVE_S1.);
#240 = CIRCLE('',#241,3.);
#241 = AXIS2_PLACEMENT_3D('',#242,#243,#244);
#242 = CARTESIAN_POINT('',(122.,-87.,25.));
#243 = DIRECTION('',(-0.,-0.,-1.));
#244 = DIRECTION('',(0.,-1.,0.));
#245 = PCURVE('',#86,#246);
#246 = DEFINITIONAL_REPRESENTATION('',(#247),#255);
#247 = ( BOUNDED_CURVE() B_SPLINE_CURVE(2,(#248,#249,#250,#251,#252,#253
,#254),.UNSPECIFIED.,.T.,.F.) B_SPLINE_CURVE_WITH_KNOTS((1,2,2,2,2,1),(
    -2.094395102393,0.,2.094395102393,4.188790204786,6.28318530718,
8.377580409573),.UNSPECIFIED.) CURVE() GEOMETRIC_REPRESENTATION_ITEM() 
RATIONAL_B_SPLINE_CURVE((1.,0.5,1.,0.5,1.,0.5,1.)) REPRESENTATION_ITEM(
  '') );
#248 = CARTESIAN_POINT('',(247.,0.));
#249 = CARTESIAN_POINT('',(241.80384757729,0.));
#250 = CARTESIAN_POINT('',(244.40192378864,4.5));
#251 = CARTESIAN_POINT('',(247.,9.));
#252 = CARTESIAN_POINT('',(249.59807621135,4.5));
#253 = CARTESIAN_POINT('',(252.1961524227,4.440892098501E-15));
#254 = CARTESIAN_POINT('',(247.,0.));
#255 = ( GEOMETRIC_REPRESENTATION_CONTEXT(2) 
PARAMETRIC_REPRESENTATION_CONTEXT() REPRESENTATION_CONTEXT('2D SPACE',''
  ) );
#256 = PCURVE('',#257,#262);
#257 = CYLINDRICAL_SURFACE('',#258,3.);
#258 = AXIS2_PLACEMENT_3D('',#259,#260,#261);
#259 = CARTESIAN_POINT('',(122.,-87.,0.));
#260 = DIRECTION('',(0.,0.,1.));
#261 = DIRECTION('',(1.,0.,-0.));
#262 = DEFINITIONAL_REPRESENTATION('',(#263),#267);
#263 = LINE('',#264,#265);
#264 = CARTESIAN_POINT('',(4.712388980385,25.));
#265 = VECTOR('',#266,1.);
#266 = DIRECTION('',(-1.,0.));
#267 = ( GEOMETRIC_REPRESENTATION_CONTEXT(2) 
PARAMETRIC_REPRESENTATION_CONTEXT() REPRESENTATION_CONTEXT('2D SPACE',''
  ) );
#268 = ORIENTED_EDGE('',*,*,#269,.T.);
#269 = EDGE_CURVE('',#237,#270,#272,.T.);
#270 = VERTEX_POINT('',#271);
#271 = CARTESIAN_POINT('',(125.,87.,25.));
#272 = SURFACE_CURVE('',#273,(#277,#284),.PCURVE_S1.);
#273 = LINE('',#274,#275);
#274 = CARTESIAN_POINT('',(125.,-90.,25.));
#275 = VECTOR('',#276,1.);
#276 = DIRECTION('',(0.,1.,0.));
#277 = PCURVE('',#86,#278);
#278 = DEFINITIONAL_REPRESENTATION('',(#279),#283);
#279 = LINE('',#280,#281);
#280 = CARTESIAN_POINT('',(250.,0.));
#281 = VECTOR('',#282,1.);
#282 = DIRECTION('',(0.,1.));
#283 = ( GEOMETRIC_REPRESENTATION_CONTEXT(2) 
PARAMETRIC_REPRESENTATION_CONTEXT() REPRESENTATION_CONTEXT('2D SPACE',''
  ) );
#284 = PCURVE('',#285,#290);
#285 = PLANE('',#286);
#286 = AXIS2_PLACEMENT_3D('',#287,#288,#289);
#287 = CARTESIAN_POINT('',(125.,-90.,0.));
#288 = DIRECTION('',(1.,0.,0.));
#289 = DIRECTION('',(0.,0.,1.));
#290 = DEFINITIONAL_REPRESENTATION('',(#291),#295);
#291 = LINE('',#292,#293);
#292 = CARTESIAN_POINT('',(25.,0.));
#293 = VECTOR('',#294,1.);
#294 = DIRECTION('',(0.,-1.));
#295 = ( GEOMETRIC_REPRESENTATION_CONTEXT(2) 
PARAMETRIC_REPRESENTATION_CONTEXT() REPRESENTATION_CONTEXT('2D SPACE',''
  ) );
#296 = ORIENTED_EDGE('',*,*,#297,.T.);
#297 = EDGE_CURVE('',#270,#298,#300,.T.);
#298 = VERTEX_POINT('',#299);
#299 = CARTESIAN_POINT('',(122.,90.,25.));
#300 = SURFACE_CURVE('',#301,(#306,#313),.PCURVE_S1.);
#301 = CIRCLE('',#302,3.);
#302 = AXIS2_PLACEMENT_3D('',#303,#304,#305);
#303 = CARTESIAN_POINT('',(122.,87.,25.));
#304 = DIRECTION('',(0.,0.,1.));
#305 = DIRECTION('',(0.,-1.,0.));
#306 = PCURVE('',#86,#307);
#307 = DEFINITIONAL_REPRESENTATION('',(#308),#312);
#308 = CIRCLE('',#309,3.);
#309 = AXIS2_PLACEMENT_2D('',#310,#311);
#310 = CARTESIAN_POINT('',(247.,177.));
#311 = DIRECTION('',(0.,-1.));
#312 = ( GEOMETRIC_REPRESENTATION_CONTEXT(2) 
PARAMETRIC_REPRESENTATION_CONTEXT() REPRESENTATION_CONTEXT('2D SPACE',''
  ) );
#313 = PCURVE('',#314,#319);
#314 = CYLINDRICAL_SURFACE('',#315,3.);
#315 = AXIS2_PLACEMENT_3D('',#316,#317,#318);
#316 = CARTESIAN_POINT('',(122.,87.,0.));
#317 = DIRECTION('',(0.,0.,1.));
#318 = DIRECTION('',(1.,0.,-0.));
#319 = DEFINITIONAL_REPRESENTATION('',(#320),#324);
#320 = LINE('',#321,#322);
#321 = CARTESIAN_POINT('',(-1.570796326795,25.));
#322 = VECTOR('',#323,1.);
#323 = DIRECTION('',(1.,0.));
#324 = ( GEOMETRIC_REPRESENTATION_CONTEXT(2) 
PARAMETRIC_REPRESENTATION_CONTEXT() REPRESENTATION_CONTEXT('2D SPACE',''
  ) );
#325 = ORIENTED_EDGE('',*,*,#326,.F.);
#326 = EDGE_CURVE('',#327,#298,#329,.T.);
#327 = VERTEX_POINT('',#328);
#328 = CARTESIAN_POINT('',(-122.,90.,25.));
#329 = SURFACE_CURVE('',#330,(#334,#341),.PCURVE_S1.);
#330 = LINE('',#331,#332);
#331 = CARTESIAN_POINT('',(-125.,90.,25.));
#332 = VECTOR('',#333,1.);
#333 = DIRECTION('',(1.,0.,0.));
#334 = PCURVE('',#86,#335);
#335 = DEFINITIONAL_REPRESENTATION('',(#336),#340);
#336 = LINE('',#337,#338);
#337 = CARTESIAN_POINT('',(0.,180.));
#338 = VECTOR('',#339,1.);
#339 = DIRECTION('',(1.,0.));
#340 = ( GEOMETRIC_REPRESENTATION_CONTEXT(2) 
PARAMETRIC_REPRESENTATION_CONTEXT() REPRESENTATION_CONTEXT('2D SPACE',''
  ) );
#341 = PCURVE('',#342,#347);
#342 = PLANE('',#343);
#343 = AXIS2_PLACEMENT_3D('',#344,#345,#346);
#344 = CARTESIAN_POINT('',(-125.,90.,0.));
#345 = DIRECTION('',(0.,1.,0.));
#346 = DIRECTION('',(0.,0.,1.));
#347 = DEFINITIONAL_REPRESENTATION('',(#348),#352);
#348 = LINE('',#349,#350);
#349 = CARTESIAN_POINT('',(25.,0.));
#350 = VECTOR('',#351,1.);
#351 = DIRECTION('',(0.,1.));
#352 = ( GEOMETRIC_REPRESENTATION_CONTEXT(2) 
PARAMETRIC_REPRESENTATION_CONTEXT() REPRESENTATION_CONTEXT('2D SPACE',''
  ) );
#353 = ORIENTED_EDGE('',*,*,#354,.F.);
#354 = EDGE_CURVE('',#66,#327,#355,.T.);
#355 = SURFACE_CURVE('',#356,(#361,#372),.PCURVE_S1.);
#356 = CIRCLE('',#357,3.);
#357 = AXIS2_PLACEMENT_3D('',#358,#359,#360);
#358 = CARTESIAN_POINT('',(-122.,87.,25.));
#359 = DIRECTION('',(-0.,-0.,-1.));
#360 = DIRECTION('',(0.,-1.,0.));
#361 = PCURVE('',#86,#362);
#362 = DEFINITIONAL_REPRESENTATION('',(#363),#371);
#363 = ( BOUNDED_CURVE() B_SPLINE_CURVE(2,(#364,#365,#366,#367,#368,#369
,#370),.UNSPECIFIED.,.T.,.F.) B_SPLINE_CURVE_WITH_KNOTS((1,2,2,2,2,1),(
    -2.094395102393,0.,2.094395102393,4.188790204786,6.28318530718,
8.377580409573),.UNSPECIFIED.) CURVE() GEOMETRIC_REPRESENTATION_ITEM() 
RATIONAL_B_SPLINE_CURVE((1.,0.5,1.,0.5,1.,0.5,1.)) REPRESENTATION_ITEM(
  '') );
#364 = CARTESIAN_POINT('',(3.,174.));
#365 = CARTESIAN_POINT('',(-2.196152422707,174.));
#366 = CARTESIAN_POINT('',(0.401923788647,178.5));
#367 = CARTESIAN_POINT('',(3.,183.));
#368 = CARTESIAN_POINT('',(5.598076211353,178.5));
#369 = CARTESIAN_POINT('',(8.196152422707,174.));
#370 = CARTESIAN_POINT('',(3.,174.));
#371 = ( GEOMETRIC_REPRESENTATION_CONTEXT(2) 
PARAMETRIC_REPRESENTATION_CONTEXT() REPRESENTATION_CONTEXT('2D SPACE',''
  ) );
#372 = PCURVE('',#168,#373);
#373 = DEFINITIONAL_REPRESENTATION('',(#374),#378);
#374 = LINE('',#375,#376);
#375 = CARTESIAN_POINT('',(1.570796326795,25.));
#376 = VECTOR('',#377,1.);
#377 = DIRECTION('',(-1.,0.));
#378 = ( GEOMETRIC_REPRESENTATION_CONTEXT(2) 
PARAMETRIC_REPRESENTATION_CONTEXT() REPRESENTATION_CONTEXT('2D SPACE',''
  ) );
#379 = FACE_BOUND('',#380,.T.);
#380 = EDGE_LOOP('',(#381));
#381 = ORIENTED_EDGE('',*,*,#382,.T.);
#382 = EDGE_CURVE('',#383,#383,#385,.T.);
#383 = VERTEX_POINT('',#384);
#384 = CARTESIAN_POINT('',(-2.5,-6.123233995737E-16,25.));
#385 = SURFACE_CURVE('',#386,(#391,#402),.PCURVE_S1.);
#386 = CIRCLE('',#387,2.5);
#387 = AXIS2_PLACEMENT_3D('',#388,#389,#390);
#388 = CARTESIAN_POINT('',(0.,0.,25.));
#389 = DIRECTION('',(0.,0.,-1.));
#390 = DIRECTION('',(-1.,0.,0.));
#391 = PCURVE('',#86,#392);
#392 = DEFINITIONAL_REPRESENTATION('',(#393),#401);
#393 = ( BOUNDED_CURVE() B_SPLINE_CURVE(2,(#394,#395,#396,#397,#398,#399
,#400),.UNSPECIFIED.,.T.,.F.) B_SPLINE_CURVE_WITH_KNOTS((1,2,2,2,2,1),(
    -2.094395102393,0.,2.094395102393,4.188790204786,6.28318530718,
8.377580409573),.UNSPECIFIED.) CURVE() GEOMETRIC_REPRESENTATION_ITEM() 
RATIONAL_B_SPLINE_CURVE((1.,0.5,1.,0.5,1.,0.5,1.)) REPRESENTATION_ITEM(
  '') );
#394 = CARTESIAN_POINT('',(122.5,90.));
#395 = CARTESIAN_POINT('',(122.5,94.330127018922));
#396 = CARTESIAN_POINT('',(126.25,92.165063509461));
#397 = CARTESIAN_POINT('',(130.,90.));
#398 = CARTESIAN_POINT('',(126.25,87.834936490539));
#399 = CARTESIAN_POINT('',(122.5,85.669872981078));
#400 = CARTESIAN_POINT('',(122.5,90.));
#401 = ( GEOMETRIC_REPRESENTATION_CONTEXT(2) 
PARAMETRIC_REPRESENTATION_CONTEXT() REPRESENTATION_CONTEXT('2D SPACE',''
  ) );
#402 = PCURVE('',#403,#408);
#403 = CYLINDRICAL_SURFACE('',#404,2.5);
#404 = AXIS2_PLACEMENT_3D('',#405,#406,#407);
#405 = CARTESIAN_POINT('',(0.,0.,25.));
#406 = DIRECTION('',(0.,0.,-1.));
#407 = DIRECTION('',(-1.,0.,0.));
#408 = DEFINITIONAL_REPRESENTATION('',(#409),#413);
#409 = LINE('',#410,#411);
#410 = CARTESIAN_POINT('',(0.,0.));
#411 = VECTOR('',#412,1.);
#412 = DIRECTION('',(1.,0.));
#413 = ( GEOMETRIC_REPRESENTATION_CONTEXT(2) 
PARAMETRIC_REPRESENTATION_CONTEXT() REPRESENTATION_CONTEXT('2D SPACE',''
  ) );
#414 = FACE_BOUND('',#415,.T.);
#415 = EDGE_LOOP('',(#416));
#416 = ORIENTED_EDGE('',*,*,#417,.T.);
#417 = EDGE_CURVE('',#418,#418,#420,.T.);
#418 = VERTEX_POINT('',#419);
#419 = CARTESIAN_POINT('',(-111.5,74.,25.));
#420 = SURFACE_CURVE('',#421,(#426,#437),.PCURVE_S1.);
#421 = CIRCLE('',#422,2.5);
#422 = AXIS2_PLACEMENT_3D('',#423,#424,#425);
#423 = CARTESIAN_POINT('',(-109.,74.,25.));
#424 = DIRECTION('',(0.,0.,-1.));
#425 = DIRECTION('',(-1.,0.,0.));
#426 = PCURVE('',#86,#427);
#427 = DEFINITIONAL_REPRESENTATION('',(#428),#436);
#428 = ( BOUNDED_CURVE() B_SPLINE_CURVE(2,(#429,#430,#431,#432,#433,#434
,#435),.UNSPECIFIED.,.T.,.F.) B_SPLINE_CURVE_WITH_KNOTS((1,2,2,2,2,1),(
    -2.094395102393,0.,2.094395102393,4.188790204786,6.28318530718,
8.377580409573),.UNSPECIFIED.) CURVE() GEOMETRIC_REPRESENTATION_ITEM() 
RATIONAL_B_SPLINE_CURVE((1.,0.5,1.,0.5,1.,0.5,1.)) REPRESENTATION_ITEM(
  '') );
#429 = CARTESIAN_POINT('',(13.5,164.));
#430 = CARTESIAN_POINT('',(13.5,168.33012701892));
#431 = CARTESIAN_POINT('',(17.25,166.16506350946));
#432 = CARTESIAN_POINT('',(21.,164.));
#433 = CARTESIAN_POINT('',(17.25,161.83493649053));
#434 = CARTESIAN_POINT('',(13.5,159.66987298107));
#435 = CARTESIAN_POINT('',(13.5,164.));
#436 = ( GEOMETRIC_REPRESENTATION_CONTEXT(2) 
PARAMETRIC_REPRESENTATION_CONTEXT() REPRESENTATION_CONTEXT('2D SPACE',''
  ) );
#437 = PCURVE('',#438,#443);
#438 = CYLINDRICAL_SURFACE('',#439,2.5);
#439 = AXIS2_PLACEMENT_3D('',#440,#441,#442);
#440 = CARTESIAN_POINT('',(-109.,74.,25.));
#441 = DIRECTION('',(0.,0.,-1.));
#442 = DIRECTION('',(-1.,0.,0.));
#443 = DEFINITIONAL_REPRESENTATION('',(#444),#448);
#444 = LINE('',#445,#446);
#445 = CARTESIAN_POINT('',(0.,0.));
#446 = VECTOR('',#447,1.);
#447 = DIRECTION('',(1.,0.));
#448 = ( GEOMETRIC_REPRESENTATION_CONTEXT(2) 
PARAMETRIC_REPRESENTATION_CONTEXT() REPRESENTATION_CONTEXT('2D SPACE',''
  ) );
#449 = FACE_BOUND('',#450,.T.);
#450 = EDGE_LOOP('',(#451));
#451 = ORIENTED_EDGE('',*,*,#452,.T.);
#452 = EDGE_CURVE('',#453,#453,#455,.T.);
#453 = VERTEX_POINT('',#454);
#454 = CARTESIAN_POINT('',(106.5,74.,25.));
#455 = SURFACE_CURVE('',#456,(#461,#472),.PCURVE_S1.);
#456 = CIRCLE('',#457,2.5);
#457 = AXIS2_PLACEMENT_3D('',#458,#459,#460);
#458 = CARTESIAN_POINT('',(109.,74.,25.));
#459 = DIRECTION('',(0.,0.,-1.));
#460 = DIRECTION('',(-1.,0.,0.));
#461 = PCURVE('',#86,#462);
#462 = DEFINITIONAL_REPRESENTATION('',(#463),#471);
#463 = ( BOUNDED_CURVE() B_SPLINE_CURVE(2,(#464,#465,#466,#467,#468,#469
,#470),.UNSPECIFIED.,.T.,.F.) B_SPLINE_CURVE_WITH_KNOTS((1,2,2,2,2,1),(
    -2.094395102393,0.,2.094395102393,4.188790204786,6.28318530718,
8.377580409573),.UNSPECIFIED.) CURVE() GEOMETRIC_REPRESENTATION_ITEM() 
RATIONAL_B_SPLINE_CURVE((1.,0.5,1.,0.5,1.,0.5,1.)) REPRESENTATION_ITEM(
  '') );
#464 = CARTESIAN_POINT('',(231.5,164.));
#465 = CARTESIAN_POINT('',(231.5,168.33012701892));
#466 = CARTESIAN_POINT('',(235.25,166.16506350946));
#467 = CARTESIAN_POINT('',(239.,164.));
#468 = CARTESIAN_POINT('',(235.25,161.83493649053));
#469 = CARTESIAN_POINT('',(231.5,159.66987298107));
#470 = CARTESIAN_POINT('',(231.5,164.));
#471 = ( GEOMETRIC_REPRESENTATION_CONTEXT(2) 
PARAMETRIC_REPRESENTATION_CONTEXT() REPRESENTATION_CONTEXT('2D SPACE',''
  ) );
#472 = PCURVE('',#473,#478);
#473 = CYLINDRICAL_SURFACE('',#474,2.5);
#474 = AXIS2_PLACEMENT_3D('',#475,#476,#477);
#475 = CARTESIAN_POINT('',(109.,74.,25.));
#476 = DIRECTION('',(0.,0.,-1.));
#477 = DIRECTION('',(-1.,0.,0.));
#478 = DEFINITIONAL_REPRESENTATION('',(#479),#483);
#479 = LINE('',#480,#481);
#480 = CARTESIAN_POINT('',(0.,0.));
#481 = VECTOR('',#482,1.);
#482 = DIRECTION('',(1.,0.));
#483 = ( GEOMETRIC_REPRESENTATION_CONTEXT(2) 
PARAMETRIC_REPRESENTATION_CONTEXT() REPRESENTATION_CONTEXT('2D SPACE',''
  ) );
#484 = ADVANCED_FACE('',(#485),#114,.T.);
#485 = FACE_BOUND('',#486,.T.);
#486 = EDGE_LOOP('',(#487,#511,#532,#533));
#487 = ORIENTED_EDGE('',*,*,#488,.T.);
#488 = EDGE_CURVE('',#99,#489,#491,.T.);
#489 = VERTEX_POINT('',#490);
#490 = CARTESIAN_POINT('',(-122.,-90.,0.));
#491 = SURFACE_CURVE('',#492,(#497,#504),.PCURVE_S1.);
#492 = CIRCLE('',#493,3.);
#493 = AXIS2_PLACEMENT_3D('',#494,#495,#496);
#494 = CARTESIAN_POINT('',(-122.,-87.,0.));
#495 = DIRECTION('',(0.,0.,1.));
#496 = DIRECTION('',(0.,-1.,0.));
#497 = PCURVE('',#114,#498);
#498 = DEFINITIONAL_REPRESENTATION('',(#499),#503);
#499 = LINE('',#500,#501);
#500 = CARTESIAN_POINT('',(-4.712388980385,0.));
#501 = VECTOR('',#502,1.);
#502 = DIRECTION('',(1.,0.));
#503 = ( GEOMETRIC_REPRESENTATION_CONTEXT(2) 
PARAMETRIC_REPRESENTATION_CONTEXT() REPRESENTATION_CONTEXT('2D SPACE',''
  ) );
#504 = PCURVE('',#142,#505);
#505 = DEFINITIONAL_REPRESENTATION('',(#506),#510);
#506 = CIRCLE('',#507,3.);
#507 = AXIS2_PLACEMENT_2D('',#508,#509);
#508 = CARTESIAN_POINT('',(3.,3.));
#509 = DIRECTION('',(0.,-1.));
#510 = ( GEOMETRIC_REPRESENTATION_CONTEXT(2) 
PARAMETRIC_REPRESENTATION_CONTEXT() REPRESENTATION_CONTEXT('2D SPACE',''
  ) );
#511 = ORIENTED_EDGE('',*,*,#512,.T.);
#512 = EDGE_CURVE('',#489,#185,#513,.T.);
#513 = SURFACE_CURVE('',#514,(#518,#525),.PCURVE_S1.);
#514 = LINE('',#515,#516);
#515 = CARTESIAN_POINT('',(-122.,-90.,0.));
#516 = VECTOR('',#517,1.);
#517 = DIRECTION('',(0.,0.,1.));
#518 = PCURVE('',#114,#519);
#519 = DEFINITIONAL_REPRESENTATION('',(#520),#524);
#520 = LINE('',#521,#522);
#521 = CARTESIAN_POINT('',(1.570796326795,0.));
#522 = VECTOR('',#523,1.);
#523 = DIRECTION('',(0.,1.));
#524 = ( GEOMETRIC_REPRESENTATION_CONTEXT(2) 
PARAMETRIC_REPRESENTATION_CONTEXT() REPRESENTATION_CONTEXT('2D SPACE',''
  ) );
#525 = PCURVE('',#224,#526);
#526 = DEFINITIONAL_REPRESENTATION('',(#527),#531);
#527 = LINE('',#528,#529);
#528 = CARTESIAN_POINT('',(0.,3.));
#529 = VECTOR('',#530,1.);
#530 = DIRECTION('',(1.,0.));
#531 = ( GEOMETRIC_REPRESENTATION_CONTEXT(2) 
PARAMETRIC_REPRESENTATION_CONTEXT() REPRESENTATION_CONTEXT('2D SPACE',''
  ) );
#532 = ORIENTED_EDGE('',*,*,#184,.F.);
#533 = ORIENTED_EDGE('',*,*,#98,.F.);
#534 = ADVANCED_FACE('',(#535),#168,.T.);
#535 = FACE_BOUND('',#536,.F.);
#536 = EDGE_LOOP('',(#537,#565,#586,#587));
#537 = ORIENTED_EDGE('',*,*,#538,.T.);
#538 = EDGE_CURVE('',#127,#539,#541,.T.);
#539 = VERTEX_POINT('',#540);
#540 = CARTESIAN_POINT('',(-122.,90.,0.));
#541 = SURFACE_CURVE('',#542,(#547,#554),.PCURVE_S1.);
#542 = CIRCLE('',#543,3.);
#543 = AXIS2_PLACEMENT_3D('',#544,#545,#546);
#544 = CARTESIAN_POINT('',(-122.,87.,0.));
#545 = DIRECTION('',(-0.,-0.,-1.));
#546 = DIRECTION('',(0.,-1.,0.));
#547 = PCURVE('',#168,#548);
#548 = DEFINITIONAL_REPRESENTATION('',(#549),#553);
#549 = LINE('',#550,#551);
#550 = CARTESIAN_POINT('',(1.570796326795,-0.));
#551 = VECTOR('',#552,1.);
#552 = DIRECTION('',(-1.,0.));
#553 = ( GEOMETRIC_REPRESENTATION_CONTEXT(2) 
PARAMETRIC_REPRESENTATION_CONTEXT() REPRESENTATION_CONTEXT('2D SPACE',''
  ) );
#554 = PCURVE('',#142,#555);
#555 = DEFINITIONAL_REPRESENTATION('',(#556),#564);
#556 = ( BOUNDED_CURVE() B_SPLINE_CURVE(2,(#557,#558,#559,#560,#561,#562
,#563),.UNSPECIFIED.,.T.,.F.) B_SPLINE_CURVE_WITH_KNOTS((1,2,2,2,2,1),(
    -2.094395102393,0.,2.094395102393,4.188790204786,6.28318530718,
8.377580409573),.UNSPECIFIED.) CURVE() GEOMETRIC_REPRESENTATION_ITEM() 
RATIONAL_B_SPLINE_CURVE((1.,0.5,1.,0.5,1.,0.5,1.)) REPRESENTATION_ITEM(
  '') );
#557 = CARTESIAN_POINT('',(3.,174.));
#558 = CARTESIAN_POINT('',(-2.196152422707,174.));
#559 = CARTESIAN_POINT('',(0.401923788647,178.5));
#560 = CARTESIAN_POINT('',(3.,183.));
#561 = CARTESIAN_POINT('',(5.598076211353,178.5));
#562 = CARTESIAN_POINT('',(8.196152422707,174.));
#563 = CARTESIAN_POINT('',(3.,174.));
#564 = ( GEOMETRIC_REPRESENTATION_CONTEXT(2) 
PARAMETRIC_REPRESENTATION_CONTEXT() REPRESENTATION_CONTEXT('2D SPACE',''
  ) );
#565 = ORIENTED_EDGE('',*,*,#566,.T.);
#566 = EDGE_CURVE('',#539,#327,#567,.T.);
#567 = SURFACE_CURVE('',#568,(#572,#579),.PCURVE_S1.);
#568 = LINE('',#569,#570);
#569 = CARTESIAN_POINT('',(-122.,90.,0.));
#570 = VECTOR('',#571,1.);
#571 = DIRECTION('',(0.,0.,1.));
#572 = PCURVE('',#168,#573);
#573 = DEFINITIONAL_REPRESENTATION('',(#574),#578);
#574 = LINE('',#575,#576);
#575 = CARTESIAN_POINT('',(-1.570796326795,0.));
#576 = VECTOR('',#577,1.);
#577 = DIRECTION('',(-0.,1.));
#578 = ( GEOMETRIC_REPRESENTATION_CONTEXT(2) 
PARAMETRIC_REPRESENTATION_CONTEXT() REPRESENTATION_CONTEXT('2D SPACE',''
  ) );
#579 = PCURVE('',#342,#580);
#580 = DEFINITIONAL_REPRESENTATION('',(#581),#585);
#581 = LINE('',#582,#583);
#582 = CARTESIAN_POINT('',(0.,3.));
#583 = VECTOR('',#584,1.);
#584 = DIRECTION('',(1.,0.));
#585 = ( GEOMETRIC_REPRESENTATION_CONTEXT(2) 
PARAMETRIC_REPRESENTATION_CONTEXT() REPRESENTATION_CONTEXT('2D SPACE',''
  ) );
#586 = ORIENTED_EDGE('',*,*,#354,.F.);
#587 = ORIENTED_EDGE('',*,*,#154,.F.);
#588 = ADVANCED_FACE('',(#589,#713,#743,#773),#142,.F.);
#589 = FACE_BOUND('',#590,.F.);
#590 = EDGE_LOOP('',(#591,#592,#593,#616,#644,#667,#691,#712));
#591 = ORIENTED_EDGE('',*,*,#126,.F.);
#592 = ORIENTED_EDGE('',*,*,#488,.T.);
#593 = ORIENTED_EDGE('',*,*,#594,.T.);
#594 = EDGE_CURVE('',#489,#595,#597,.T.);
#595 = VERTEX_POINT('',#596);
#596 = CARTESIAN_POINT('',(122.,-90.,0.));
#597 = SURFACE_CURVE('',#598,(#602,#609),.PCURVE_S1.);
#598 = LINE('',#599,#600);
#599 = CARTESIAN_POINT('',(-125.,-90.,0.));
#600 = VECTOR('',#601,1.);
#601 = DIRECTION('',(1.,0.,0.));
#602 = PCURVE('',#142,#603);
#603 = DEFINITIONAL_REPRESENTATION('',(#604),#608);
#604 = LINE('',#605,#606);
#605 = CARTESIAN_POINT('',(0.,0.));
#606 = VECTOR('',#607,1.);
#607 = DIRECTION('',(1.,0.));
#608 = ( GEOMETRIC_REPRESENTATION_CONTEXT(2) 
PARAMETRIC_REPRESENTATION_CONTEXT() REPRESENTATION_CONTEXT('2D SPACE',''
  ) );
#609 = PCURVE('',#224,#610);
#610 = DEFINITIONAL_REPRESENTATION('',(#611),#615);
#611 = LINE('',#612,#613);
#612 = CARTESIAN_POINT('',(0.,0.));
#613 = VECTOR('',#614,1.);
#614 = DIRECTION('',(0.,1.));
#615 = ( GEOMETRIC_REPRESENTATION_CONTEXT(2) 
PARAMETRIC_REPRESENTATION_CONTEXT() REPRESENTATION_CONTEXT('2D SPACE',''
  ) );
#616 = ORIENTED_EDGE('',*,*,#617,.F.);
#617 = EDGE_CURVE('',#618,#595,#620,.T.);
#618 = VERTEX_POINT('',#619);
#619 = CARTESIAN_POINT('',(125.,-87.,0.));
#620 = SURFACE_CURVE('',#621,(#626,#637),.PCURVE_S1.);
#621 = CIRCLE('',#622,3.);
#622 = AXIS2_PLACEMENT_3D('',#623,#624,#625);
#623 = CARTESIAN_POINT('',(122.,-87.,0.));
#624 = DIRECTION('',(-0.,-0.,-1.));
#625 = DIRECTION('',(0.,-1.,0.));
#626 = PCURVE('',#142,#627);
#627 = DEFINITIONAL_REPRESENTATION('',(#628),#636);
#628 = ( BOUNDED_CURVE() B_SPLINE_CURVE(2,(#629,#630,#631,#632,#633,#634
,#635),.UNSPECIFIED.,.T.,.F.) B_SPLINE_CURVE_WITH_KNOTS((1,2,2,2,2,1),(
    -2.094395102393,0.,2.094395102393,4.188790204786,6.28318530718,
8.377580409573),.UNSPECIFIED.) CURVE() GEOMETRIC_REPRESENTATION_ITEM() 
RATIONAL_B_SPLINE_CURVE((1.,0.5,1.,0.5,1.,0.5,1.)) REPRESENTATION_ITEM(
  '') );
#629 = CARTESIAN_POINT('',(247.,0.));
#630 = CARTESIAN_POINT('',(241.80384757729,0.));
#631 = CARTESIAN_POINT('',(244.40192378864,4.5));
#632 = CARTESIAN_POINT('',(247.,9.));
#633 = CARTESIAN_POINT('',(249.59807621135,4.5));
#634 = CARTESIAN_POINT('',(252.1961524227,4.440892098501E-15));
#635 = CARTESIAN_POINT('',(247.,0.));
#636 = ( GEOMETRIC_REPRESENTATION_CONTEXT(2) 
PARAMETRIC_REPRESENTATION_CONTEXT() REPRESENTATION_CONTEXT('2D SPACE',''
  ) );
#637 = PCURVE('',#257,#638);
#638 = DEFINITIONAL_REPRESENTATION('',(#639),#643);
#639 = LINE('',#640,#641);
#640 = CARTESIAN_POINT('',(4.712388980385,-0.));
#641 = VECTOR('',#642,1.);
#642 = DIRECTION('',(-1.,0.));
#643 = ( GEOMETRIC_REPRESENTATION_CONTEXT(2) 
PARAMETRIC_REPRESENTATION_CONTEXT() REPRESENTATION_CONTEXT('2D SPACE',''
  ) );
#644 = ORIENTED_EDGE('',*,*,#645,.T.);
#645 = EDGE_CURVE('',#618,#646,#648,.T.);
#646 = VERTEX_POINT('',#647);
#647 = CARTESIAN_POINT('',(125.,87.,0.));
#648 = SURFACE_CURVE('',#649,(#653,#660),.PCURVE_S1.);
#649 = LINE('',#650,#651);
#650 = CARTESIAN_POINT('',(125.,-90.,0.));
#651 = VECTOR('',#652,1.);
#652 = DIRECTION('',(0.,1.,0.));
#653 = PCURVE('',#142,#654);
#654 = DEFINITIONAL_REPRESENTATION('',(#655),#659);
#655 = LINE('',#656,#657);
#656 = CARTESIAN_POINT('',(250.,0.));
#657 = VECTOR('',#658,1.);
#658 = DIRECTION('',(0.,1.));
#659 = ( GEOMETRIC_REPRESENTATION_CONTEXT(2) 
PARAMETRIC_REPRESENTATION_CONTEXT() REPRESENTATION_CONTEXT('2D SPACE',''
  ) );
#660 = PCURVE('',#285,#661);
#661 = DEFINITIONAL_REPRESENTATION('',(#662),#666);
#662 = LINE('',#663,#664);
#663 = CARTESIAN_POINT('',(0.,0.));
#664 = VECTOR('',#665,1.);
#665 = DIRECTION('',(0.,-1.));
#666 = ( GEOMETRIC_REPRESENTATION_CONTEXT(2) 
PARAMETRIC_REPRESENTATION_CONTEXT() REPRESENTATION_CONTEXT('2D SPACE',''
  ) );
#667 = ORIENTED_EDGE('',*,*,#668,.T.);
#668 = EDGE_CURVE('',#646,#669,#671,.T.);
#669 = VERTEX_POINT('',#670);
#670 = CARTESIAN_POINT('',(122.,90.,0.));
#671 = SURFACE_CURVE('',#672,(#677,#684),.PCURVE_S1.);
#672 = CIRCLE('',#673,3.);
#673 = AXIS2_PLACEMENT_3D('',#674,#675,#676);
#674 = CARTESIAN_POINT('',(122.,87.,0.));
#675 = DIRECTION('',(0.,0.,1.));
#676 = DIRECTION('',(0.,-1.,0.));
#677 = PCURVE('',#142,#678);
#678 = DEFINITIONAL_REPRESENTATION('',(#679),#683);
#679 = CIRCLE('',#680,3.);
#680 = AXIS2_PLACEMENT_2D('',#681,#682);
#681 = CARTESIAN_POINT('',(247.,177.));
#682 = DIRECTION('',(0.,-1.));
#683 = ( GEOMETRIC_REPRESENTATION_CONTEXT(2) 
PARAMETRIC_REPRESENTATION_CONTEXT() REPRESENTATION_CONTEXT('2D SPACE',''
  ) );
#684 = PCURVE('',#314,#685);
#685 = DEFINITIONAL_REPRESENTATION('',(#686),#690);
#686 = LINE('',#687,#688);
#687 = CARTESIAN_POINT('',(-1.570796326795,0.));
#688 = VECTOR('',#689,1.);
#689 = DIRECTION('',(1.,0.));
#690 = ( GEOMETRIC_REPRESENTATION_CONTEXT(2) 
PARAMETRIC_REPRESENTATION_CONTEXT() REPRESENTATION_CONTEXT('2D SPACE',''
  ) );
#691 = ORIENTED_EDGE('',*,*,#692,.F.);
#692 = EDGE_CURVE('',#539,#669,#693,.T.);
#693 = SURFACE_CURVE('',#694,(#698,#705),.PCURVE_S1.);
#694 = LINE('',#695,#696);
#695 = CARTESIAN_POINT('',(-125.,90.,0.));
#696 = VECTOR('',#697,1.);
#697 = DIRECTION('',(1.,0.,0.));
#698 = PCURVE('',#142,#699);
#699 = DEFINITIONAL_REPRESENTATION('',(#700),#704);
#700 = LINE('',#701,#702);
#701 = CARTESIAN_POINT('',(0.,180.));
#702 = VECTOR('',#703,1.);
#703 = DIRECTION('',(1.,0.));
#704 = ( GEOMETRIC_REPRESENTATION_CONTEXT(2) 
PARAMETRIC_REPRESENTATION_CONTEXT() REPRESENTATION_CONTEXT('2D SPACE',''
  ) );
#705 = PCURVE('',#342,#706);
#706 = DEFINITIONAL_REPRESENTATION('',(#707),#711);
#707 = LINE('',#708,#709);
#708 = CARTESIAN_POINT('',(0.,0.));
#709 = VECTOR('',#710,1.);
#710 = DIRECTION('',(0.,1.));
#711 = ( GEOMETRIC_REPRESENTATION_CONTEXT(2) 
PARAMETRIC_REPRESENTATION_CONTEXT() REPRESENTATION_CONTEXT('2D SPACE',''
  ) );
#712 = ORIENTED_EDGE('',*,*,#538,.F.);
#713 = FACE_BOUND('',#714,.F.);
#714 = EDGE_LOOP('',(#715));
#715 = ORIENTED_EDGE('',*,*,#716,.T.);
#716 = EDGE_CURVE('',#717,#717,#719,.T.);
#717 = VERTEX_POINT('',#718);
#718 = CARTESIAN_POINT('',(-2.5,-6.123233995737E-16,0.));
#719 = SURFACE_CURVE('',#720,(#725,#736),.PCURVE_S1.);
#720 = CIRCLE('',#721,2.5);
#721 = AXIS2_PLACEMENT_3D('',#722,#723,#724);
#722 = CARTESIAN_POINT('',(0.,0.,0.));
#723 = DIRECTION('',(0.,0.,-1.));
#724 = DIRECTION('',(-1.,0.,0.));
#725 = PCURVE('',#142,#726);
#726 = DEFINITIONAL_REPRESENTATION('',(#727),#735);
#727 = ( BOUNDED_CURVE() B_SPLINE_CURVE(2,(#728,#729,#730,#731,#732,#733
,#734),.UNSPECIFIED.,.T.,.F.) B_SPLINE_CURVE_WITH_KNOTS((1,2,2,2,2,1),(
    -2.094395102393,0.,2.094395102393,4.188790204786,6.28318530718,
8.377580409573),.UNSPECIFIED.) CURVE() GEOMETRIC_REPRESENTATION_ITEM() 
RATIONAL_B_SPLINE_CURVE((1.,0.5,1.,0.5,1.,0.5,1.)) REPRESENTATION_ITEM(
  '') );
#728 = CARTESIAN_POINT('',(122.5,90.));
#729 = CARTESIAN_POINT('',(122.5,94.330127018922));
#730 = CARTESIAN_POINT('',(126.25,92.165063509461));
#731 = CARTESIAN_POINT('',(130.,90.));
#732 = CARTESIAN_POINT('',(126.25,87.834936490539));
#733 = CARTESIAN_POINT('',(122.5,85.669872981078));
#734 = CARTESIAN_POINT('',(122.5,90.));
#735 = ( GEOMETRIC_REPRESENTATION_CONTEXT(2) 
PARAMETRIC_REPRESENTATION_CONTEXT() REPRESENTATION_CONTEXT('2D SPACE',''
  ) );
#736 = PCURVE('',#403,#737);
#737 = DEFINITIONAL_REPRESENTATION('',(#738),#742);
#738 = LINE('',#739,#740);
#739 = CARTESIAN_POINT('',(0.,25.));
#740 = VECTOR('',#741,1.);
#741 = DIRECTION('',(1.,0.));
#742 = ( GEOMETRIC_REPRESENTATION_CONTEXT(2) 
PARAMETRIC_REPRESENTATION_CONTEXT() REPRESENTATION_CONTEXT('2D SPACE',''
  ) );
#743 = FACE_BOUND('',#744,.F.);
#744 = EDGE_LOOP('',(#745));
#745 = ORIENTED_EDGE('',*,*,#746,.T.);
#746 = EDGE_CURVE('',#747,#747,#749,.T.);
#747 = VERTEX_POINT('',#748);
#748 = CARTESIAN_POINT('',(-111.5,74.,0.));
#749 = SURFACE_CURVE('',#750,(#755,#766),.PCURVE_S1.);
#750 = CIRCLE('',#751,2.5);
#751 = AXIS2_PLACEMENT_3D('',#752,#753,#754);
#752 = CARTESIAN_POINT('',(-109.,74.,0.));
#753 = DIRECTION('',(0.,0.,-1.));
#754 = DIRECTION('',(-1.,0.,0.));
#755 = PCURVE('',#142,#756);
#756 = DEFINITIONAL_REPRESENTATION('',(#757),#765);
#757 = ( BOUNDED_CURVE() B_SPLINE_CURVE(2,(#758,#759,#760,#761,#762,#763
,#764),.UNSPECIFIED.,.T.,.F.) B_SPLINE_CURVE_WITH_KNOTS((1,2,2,2,2,1),(
    -2.094395102393,0.,2.094395102393,4.188790204786,6.28318530718,
8.377580409573),.UNSPECIFIED.) CURVE() GEOMETRIC_REPRESENTATION_ITEM() 
RATIONAL_B_SPLINE_CURVE((1.,0.5,1.,0.5,1.,0.5,1.)) REPRESENTATION_ITEM(
  '') );
#758 = CARTESIAN_POINT('',(13.5,164.));
#759 = CARTESIAN_POINT('',(13.5,168.33012701892));
#760 = CARTESIAN_POINT('',(17.25,166.16506350946));
#761 = CARTESIAN_POINT('',(21.,164.));
#762 = CARTESIAN_POINT('',(17.25,161.83493649053));
#763 = CARTESIAN_POINT('',(13.5,159.66987298107));
#764 = CARTESIAN_POINT('',(13.5,164.));
#765 = ( GEOMETRIC_REPRESENTATION_CONTEXT(2) 
PARAMETRIC_REPRESENTATION_CONTEXT() REPRESENTATION_CONTEXT('2D SPACE',''
  ) );
#766 = PCURVE('',#438,#767);
#767 = DEFINITIONAL_REPRESENTATION('',(#768),#772);
#768 = LINE('',#769,#770);
#769 = CARTESIAN_POINT('',(0.,25.));
#770 = VECTOR('',#771,1.);
#771 = DIRECTION('',(1.,0.));
#772 = ( GEOMETRIC_REPRESENTATION_CONTEXT(2) 
PARAMETRIC_REPRESENTATION_CONTEXT() REPRESENTATION_CONTEXT('2D SPACE',''
  ) );
#773 = FACE_BOUND('',#774,.F.);
#774 = EDGE_LOOP('',(#775));
#775 = ORIENTED_EDGE('',*,*,#776,.T.);
#776 = EDGE_CURVE('',#777,#777,#779,.T.);
#777 = VERTEX_POINT('',#778);
#778 = CARTESIAN_POINT('',(106.5,74.,0.));
#779 = SURFACE_CURVE('',#780,(#785,#796),.PCURVE_S1.);
#780 = CIRCLE('',#781,2.5);
#781 = AXIS2_PLACEMENT_3D('',#782,#783,#784);
#782 = CARTESIAN_POINT('',(109.,74.,0.));
#783 = DIRECTION('',(0.,0.,-1.));
#784 = DIRECTION('',(-1.,0.,0.));
#785 = PCURVE('',#142,#786);
#786 = DEFINITIONAL_REPRESENTATION('',(#787),#795);
#787 = ( BOUNDED_CURVE() B_SPLINE_CURVE(2,(#788,#789,#790,#791,#792,#793
,#794),.UNSPECIFIED.,.T.,.F.) B_SPLINE_CURVE_WITH_KNOTS((1,2,2,2,2,1),(
    -2.094395102393,0.,2.094395102393,4.188790204786,6.28318530718,
8.377580409573),.UNSPECIFIED.) CURVE() GEOMETRIC_REPRESENTATION_ITEM() 
RATIONAL_B_SPLINE_CURVE((1.,0.5,1.,0.5,1.,0.5,1.)) REPRESENTATION_ITEM(
  '') );
#788 = CARTESIAN_POINT('',(231.5,164.));
#789 = CARTESIAN_POINT('',(231.5,168.33012701892));
#790 = CARTESIAN_POINT('',(235.25,166.16506350946));
#791 = CARTESIAN_POINT('',(239.,164.));
#792 = CARTESIAN_POINT('',(235.25,161.83493649053));
#793 = CARTESIAN_POINT('',(231.5,159.66987298107));
#794 = CARTESIAN_POINT('',(231.5,164.));
#795 = ( GEOMETRIC_REPRESENTATION_CONTEXT(2) 
PARAMETRIC_REPRESENTATION_CONTEXT() REPRESENTATION_CONTEXT('2D SPACE',''
  ) );
#796 = PCURVE('',#473,#797);
#797 = DEFINITIONAL_REPRESENTATION('',(#798),#802);
#798 = LINE('',#799,#800);
#799 = CARTESIAN_POINT('',(0.,25.));
#800 = VECTOR('',#801,1.);
#801 = DIRECTION('',(1.,0.));
#802 = ( GEOMETRIC_REPRESENTATION_CONTEXT(2) 
PARAMETRIC_REPRESENTATION_CONTEXT() REPRESENTATION_CONTEXT('2D SPACE',''
  ) );
#803 = ADVANCED_FACE('',(#804),#224,.F.);
#804 = FACE_BOUND('',#805,.F.);
#805 = EDGE_LOOP('',(#806,#807,#808,#809));
#806 = ORIENTED_EDGE('',*,*,#594,.F.);
#807 = ORIENTED_EDGE('',*,*,#512,.T.);
#808 = ORIENTED_EDGE('',*,*,#208,.T.);
#809 = ORIENTED_EDGE('',*,*,#810,.F.);
#810 = EDGE_CURVE('',#595,#209,#811,.T.);
#811 = SURFACE_CURVE('',#812,(#816,#823),.PCURVE_S1.);
#812 = LINE('',#813,#814);
#813 = CARTESIAN_POINT('',(122.,-90.,0.));
#814 = VECTOR('',#815,1.);
#815 = DIRECTION('',(0.,0.,1.));
#816 = PCURVE('',#224,#817);
#817 = DEFINITIONAL_REPRESENTATION('',(#818),#822);
#818 = LINE('',#819,#820);
#819 = CARTESIAN_POINT('',(0.,247.));
#820 = VECTOR('',#821,1.);
#821 = DIRECTION('',(1.,0.));
#822 = ( GEOMETRIC_REPRESENTATION_CONTEXT(2) 
PARAMETRIC_REPRESENTATION_CONTEXT() REPRESENTATION_CONTEXT('2D SPACE',''
  ) );
#823 = PCURVE('',#257,#824);
#824 = DEFINITIONAL_REPRESENTATION('',(#825),#829);
#825 = LINE('',#826,#827);
#826 = CARTESIAN_POINT('',(-1.570796326795,0.));
#827 = VECTOR('',#828,1.);
#828 = DIRECTION('',(-0.,1.));
#829 = ( GEOMETRIC_REPRESENTATION_CONTEXT(2) 
PARAMETRIC_REPRESENTATION_CONTEXT() REPRESENTATION_CONTEXT('2D SPACE',''
  ) );
#830 = ADVANCED_FACE('',(#831),#342,.T.);
#831 = FACE_BOUND('',#832,.T.);
#832 = EDGE_LOOP('',(#833,#834,#835,#836));
#833 = ORIENTED_EDGE('',*,*,#692,.F.);
#834 = ORIENTED_EDGE('',*,*,#566,.T.);
#835 = ORIENTED_EDGE('',*,*,#326,.T.);
#836 = ORIENTED_EDGE('',*,*,#837,.F.);
#837 = EDGE_CURVE('',#669,#298,#838,.T.);
#838 = SURFACE_CURVE('',#839,(#843,#850),.PCURVE_S1.);
#839 = LINE('',#840,#841);
#840 = CARTESIAN_POINT('',(122.,90.,0.));
#841 = VECTOR('',#842,1.);
#842 = DIRECTION('',(0.,0.,1.));
#843 = PCURVE('',#342,#844);
#844 = DEFINITIONAL_REPRESENTATION('',(#845),#849);
#845 = LINE('',#846,#847);
#846 = CARTESIAN_POINT('',(0.,247.));
#847 = VECTOR('',#848,1.);
#848 = DIRECTION('',(1.,0.));
#849 = ( GEOMETRIC_REPRESENTATION_CONTEXT(2) 
PARAMETRIC_REPRESENTATION_CONTEXT() REPRESENTATION_CONTEXT('2D SPACE',''
  ) );
#850 = PCURVE('',#314,#851);
#851 = DEFINITIONAL_REPRESENTATION('',(#852),#856);
#852 = LINE('',#853,#854);
#853 = CARTESIAN_POINT('',(1.570796326795,0.));
#854 = VECTOR('',#855,1.);
#855 = DIRECTION('',(0.,1.));
#856 = ( GEOMETRIC_REPRESENTATION_CONTEXT(2) 
PARAMETRIC_REPRESENTATION_CONTEXT() REPRESENTATION_CONTEXT('2D SPACE',''
  ) );
#857 = ADVANCED_FACE('',(#858),#257,.T.);
#858 = FACE_BOUND('',#859,.F.);
#859 = EDGE_LOOP('',(#860,#861,#862,#863));
#860 = ORIENTED_EDGE('',*,*,#617,.T.);
#861 = ORIENTED_EDGE('',*,*,#810,.T.);
#862 = ORIENTED_EDGE('',*,*,#236,.F.);
#863 = ORIENTED_EDGE('',*,*,#864,.F.);
#864 = EDGE_CURVE('',#618,#237,#865,.T.);
#865 = SURFACE_CURVE('',#866,(#870,#877),.PCURVE_S1.);
#866 = LINE('',#867,#868);
#867 = CARTESIAN_POINT('',(125.,-87.,0.));
#868 = VECTOR('',#869,1.);
#869 = DIRECTION('',(0.,0.,1.));
#870 = PCURVE('',#257,#871);
#871 = DEFINITIONAL_REPRESENTATION('',(#872),#876);
#872 = LINE('',#873,#874);
#873 = CARTESIAN_POINT('',(-0.,0.));
#874 = VECTOR('',#875,1.);
#875 = DIRECTION('',(-0.,1.));
#876 = ( GEOMETRIC_REPRESENTATION_CONTEXT(2) 
PARAMETRIC_REPRESENTATION_CONTEXT() REPRESENTATION_CONTEXT('2D SPACE',''
  ) );
#877 = PCURVE('',#285,#878);
#878 = DEFINITIONAL_REPRESENTATION('',(#879),#883);
#879 = LINE('',#880,#881);
#880 = CARTESIAN_POINT('',(0.,-3.));
#881 = VECTOR('',#882,1.);
#882 = DIRECTION('',(1.,0.));
#883 = ( GEOMETRIC_REPRESENTATION_CONTEXT(2) 
PARAMETRIC_REPRESENTATION_CONTEXT() REPRESENTATION_CONTEXT('2D SPACE',''
  ) );
#884 = ADVANCED_FACE('',(#885),#314,.T.);
#885 = FACE_BOUND('',#886,.T.);
#886 = EDGE_LOOP('',(#887,#888,#889,#890));
#887 = ORIENTED_EDGE('',*,*,#668,.T.);
#888 = ORIENTED_EDGE('',*,*,#837,.T.);
#889 = ORIENTED_EDGE('',*,*,#297,.F.);
#890 = ORIENTED_EDGE('',*,*,#891,.F.);
#891 = EDGE_CURVE('',#646,#270,#892,.T.);
#892 = SURFACE_CURVE('',#893,(#897,#904),.PCURVE_S1.);
#893 = LINE('',#894,#895);
#894 = CARTESIAN_POINT('',(125.,87.,0.));
#895 = VECTOR('',#896,1.);
#896 = DIRECTION('',(0.,0.,1.));
#897 = PCURVE('',#314,#898);
#898 = DEFINITIONAL_REPRESENTATION('',(#899),#903);
#899 = LINE('',#900,#901);
#900 = CARTESIAN_POINT('',(0.,0.));
#901 = VECTOR('',#902,1.);
#902 = DIRECTION('',(0.,1.));
#903 = ( GEOMETRIC_REPRESENTATION_CONTEXT(2) 
PARAMETRIC_REPRESENTATION_CONTEXT() REPRESENTATION_CONTEXT('2D SPACE',''
  ) );
#904 = PCURVE('',#285,#905);
#905 = DEFINITIONAL_REPRESENTATION('',(#906),#910);
#906 = LINE('',#907,#908);
#907 = CARTESIAN_POINT('',(0.,-177.));
#908 = VECTOR('',#909,1.);
#909 = DIRECTION('',(1.,0.));
#910 = ( GEOMETRIC_REPRESENTATION_CONTEXT(2) 
PARAMETRIC_REPRESENTATION_CONTEXT() REPRESENTATION_CONTEXT('2D SPACE',''
  ) );
#911 = ADVANCED_FACE('',(#912),#285,.T.);
#912 = FACE_BOUND('',#913,.T.);
#913 = EDGE_LOOP('',(#914,#915,#916,#917));
#914 = ORIENTED_EDGE('',*,*,#269,.F.);
#915 = ORIENTED_EDGE('',*,*,#864,.F.);
#916 = ORIENTED_EDGE('',*,*,#645,.T.);
#917 = ORIENTED_EDGE('',*,*,#891,.T.);
#918 = ADVANCED_FACE('',(#919),#403,.F.);
#919 = FACE_BOUND('',#920,.F.);
#920 = EDGE_LOOP('',(#921,#922,#943,#944));
#921 = ORIENTED_EDGE('',*,*,#716,.F.);
#922 = ORIENTED_EDGE('',*,*,#923,.F.);
#923 = EDGE_CURVE('',#383,#717,#924,.T.);
#924 = SEAM_CURVE('',#925,(#929,#936),.PCURVE_S1.);
#925 = LINE('',#926,#927);
#926 = CARTESIAN_POINT('',(-2.5,-6.123233995737E-16,25.));
#927 = VECTOR('',#928,1.);
#928 = DIRECTION('',(0.,0.,-1.));
#929 = PCURVE('',#403,#930);
#930 = DEFINITIONAL_REPRESENTATION('',(#931),#935);
#931 = LINE('',#932,#933);
#932 = CARTESIAN_POINT('',(6.28318530718,-0.));
#933 = VECTOR('',#934,1.);
#934 = DIRECTION('',(0.,1.));
#935 = ( GEOMETRIC_REPRESENTATION_CONTEXT(2) 
PARAMETRIC_REPRESENTATION_CONTEXT() REPRESENTATION_CONTEXT('2D SPACE',''
  ) );
#936 = PCURVE('',#403,#937);
#937 = DEFINITIONAL_REPRESENTATION('',(#938),#942);
#938 = LINE('',#939,#940);
#939 = CARTESIAN_POINT('',(0.,-0.));
#940 = VECTOR('',#941,1.);
#941 = DIRECTION('',(0.,1.));
#942 = ( GEOMETRIC_REPRESENTATION_CONTEXT(2) 
PARAMETRIC_REPRESENTATION_CONTEXT() REPRESENTATION_CONTEXT('2D SPACE',''
  ) );
#943 = ORIENTED_EDGE('',*,*,#382,.T.);
#944 = ORIENTED_EDGE('',*,*,#923,.T.);
#945 = ADVANCED_FACE('',(#946),#438,.F.);
#946 = FACE_BOUND('',#947,.F.);
#947 = EDGE_LOOP('',(#948,#949,#970,#971));
#948 = ORIENTED_EDGE('',*,*,#746,.F.);
#949 = ORIENTED_EDGE('',*,*,#950,.F.);
#950 = EDGE_CURVE('',#418,#747,#951,.T.);
#951 = SEAM_CURVE('',#952,(#956,#963),.PCURVE_S1.);
#952 = LINE('',#953,#954);
#953 = CARTESIAN_POINT('',(-111.5,74.,25.));
#954 = VECTOR('',#955,1.);
#955 = DIRECTION('',(0.,0.,-1.));
#956 = PCURVE('',#438,#957);
#957 = DEFINITIONAL_REPRESENTATION('',(#958),#962);
#958 = LINE('',#959,#960);
#959 = CARTESIAN_POINT('',(6.28318530718,-0.));
#960 = VECTOR('',#961,1.);
#961 = DIRECTION('',(0.,1.));
#962 = ( GEOMETRIC_REPRESENTATION_CONTEXT(2) 
PARAMETRIC_REPRESENTATION_CONTEXT() REPRESENTATION_CONTEXT('2D SPACE',''
  ) );
#963 = PCURVE('',#438,#964);
#964 = DEFINITIONAL_REPRESENTATION('',(#965),#969);
#965 = LINE('',#966,#967);
#966 = CARTESIAN_POINT('',(0.,-0.));
#967 = VECTOR('',#968,1.);
#968 = DIRECTION('',(0.,1.));
#969 = ( GEOMETRIC_REPRESENTATION_CONTEXT(2) 
PARAMETRIC_REPRESENTATION_CONTEXT() REPRESENTATION_CONTEXT('2D SPACE',''
  ) );
#970 = ORIENTED_EDGE('',*,*,#417,.T.);
#971 = ORIENTED_EDGE('',*,*,#950,.T.);
#972 = ADVANCED_FACE('',(#973),#473,.F.);
#973 = FACE_BOUND('',#974,.F.);
#974 = EDGE_LOOP('',(#975,#976,#997,#998));
#975 = ORIENTED_EDGE('',*,*,#776,.F.);
#976 = ORIENTED_EDGE('',*,*,#977,.F.);
#977 = EDGE_CURVE('',#453,#777,#978,.T.);
#978 = SEAM_CURVE('',#979,(#983,#990),.PCURVE_S1.);
#979 = LINE('',#980,#981);
#980 = CARTESIAN_POINT('',(106.5,74.,25.));
#981 = VECTOR('',#982,1.);
#982 = DIRECTION('',(0.,0.,-1.));
#983 = PCURVE('',#473,#984);
#984 = DEFINITIONAL_REPRESENTATION('',(#985),#989);
#985 = LINE('',#986,#987);
#986 = CARTESIAN_POINT('',(6.28318530718,-0.));
#987 = VECTOR('',#988,1.);
#988 = DIRECTION('',(0.,1.));
#989 = ( GEOMETRIC_REPRESENTATION_CONTEXT(2) 
PARAMETRIC_REPRESENTATION_CONTEXT() REPRESENTATION_CONTEXT('2D SPACE',''
  ) );
#990 = PCURVE('',#473,#991);
#991 = DEFINITIONAL_REPRESENTATION('',(#992),#996);
#992 = LINE('',#993,#994);
#993 = CARTESIAN_POINT('',(0.,-0.));
#994 = VECTOR('',#995,1.);
#995 = DIRECTION('',(0.,1.));
#996 = ( GEOMETRIC_REPRESENTATION_CONTEXT(2) 
PARAMETRIC_REPRESENTATION_CONTEXT() REPRESENTATION_CONTEXT('2D SPACE',''
  ) );
#997 = ORIENTED_EDGE('',*,*,#452,.T.);
#998 = ORIENTED_EDGE('',*,*,#977,.T.);
#999 = ( GEOMETRIC_REPRESENTATION_CONTEXT(3) 
GLOBAL_UNCERTAINTY_ASSIGNED_CONTEXT((#1003)) 
GLOBAL_UNIT_ASSIGNED_CONTEXT((#1000,#1001,#1002)) REPRESENTATION_CONTEXT
('Context #1','3D Context with UNIT and UNCERTAINTY') );
#1000 = ( LENGTH_UNIT() NAMED_UNIT(*) SI_UNIT(.MILLI.,.METRE.) );
#1001 = ( NAMED_UNIT(*) PLANE_ANGLE_UNIT() SI_UNIT($,.RADIAN.) );
#1002 = ( NAMED_UNIT(*) SI_UNIT($,.STERADIAN.) SOLID_ANGLE_UNIT() );
#1003 = UNCERTAINTY_MEASURE_WITH_UNIT(LENGTH_MEASURE(1.E-07),#1000,
  'distance_accuracy_value','confusion accuracy');
#1004 = CONTEXT_DEPENDENT_SHAPE_REPRESENTATION(#1005,#1007);
#1005 = ( REPRESENTATION_RELATIONSHIP('','',#56,#10) 
REPRESENTATION_RELATIONSHIP_WITH_TRANSFORMATION(#1006) 
SHAPE_REPRESENTATION_RELATIONSHIP() );
#1006 = ITEM_DEFINED_TRANSFORMATION('','',#11,#15);
#1007 = PRODUCT_DEFINITION_SHAPE('Placement','Placement of an item',
  #1008);
#1008 = NEXT_ASSEMBLY_USAGE_OCCURRENCE('46','base_chassis','',#5,#51,$);
#1009 = PRODUCT_RELATED_PRODUCT_CATEGORY('part',$,(#53));
#1010 = SHAPE_DEFINITION_REPRESENTATION(#1011,#1017);
#1011 = PRODUCT_DEFINITION_SHAPE('','',#1012);
#1012 = PRODUCT_DEFINITION('design','',#1013,#1016);
#1013 = PRODUCT_DEFINITION_FORMATION('','',#1014);
#1014 = PRODUCT('hex_bolt_1','hex_bolt_1','',(#1015));
#1015 = PRODUCT_CONTEXT('',#2,'mechanical');
#1016 = PRODUCT_DEFINITION_CONTEXT('part definition',#2,'design');
#1017 = ADVANCED_BREP_SHAPE_REPRESENTATION('',(#11,#1018),#1594);
#1018 = MANIFOLD_SOLID_BREP('',#1019);
#1019 = CLOSED_SHELL('',(#1020,#1140,#1216,#1292,#1401,#1474,#1501,#1528
    ,#1535,#1590));
#1020 = ADVANCED_FACE('',(#1021),#1035,.F.);
#1021 = FACE_BOUND('',#1022,.F.);
#1022 = EDGE_LOOP('',(#1023,#1058,#1086,#1114));
#1023 = ORIENTED_EDGE('',*,*,#1024,.T.);
#1024 = EDGE_CURVE('',#1025,#1027,#1029,.T.);
#1025 = VERTEX_POINT('',#1026);
#1026 = CARTESIAN_POINT('',(5.,0.,0.));
#1027 = VERTEX_POINT('',#1028);
#1028 = CARTESIAN_POINT('',(5.,0.,4.));
#1029 = SURFACE_CURVE('',#1030,(#1034,#1046),.PCURVE_S1.);
#1030 = LINE('',#1031,#1032);
#1031 = CARTESIAN_POINT('',(5.,0.,0.));
#1032 = VECTOR('',#1033,1.);
#1033 = DIRECTION('',(0.,0.,1.));
#1034 = PCURVE('',#1035,#1040);
#1035 = PLANE('',#1036);
#1036 = AXIS2_PLACEMENT_3D('',#1037,#1038,#1039);
#1037 = CARTESIAN_POINT('',(5.,0.,0.));
#1038 = DIRECTION('',(-0.866025403784,-0.5,0.));
#1039 = DIRECTION('',(-0.5,0.866025403784,0.));
#1040 = DEFINITIONAL_REPRESENTATION('',(#1041),#1045);
#1041 = LINE('',#1042,#1043);
#1042 = CARTESIAN_POINT('',(0.,0.));
#1043 = VECTOR('',#1044,1.);
#1044 = DIRECTION('',(0.,-1.));
#1045 = ( GEOMETRIC_REPRESENTATION_CONTEXT(2) 
PARAMETRIC_REPRESENTATION_CONTEXT() REPRESENTATION_CONTEXT('2D SPACE',''
  ) );
#1046 = PCURVE('',#1047,#1052);
#1047 = PLANE('',#1048);
#1048 = AXIS2_PLACEMENT_3D('',#1049,#1050,#1051);
#1049 = CARTESIAN_POINT('',(2.5,-4.330127018922,0.));
#1050 = DIRECTION('',(-0.866025403784,0.5,0.));
#1051 = DIRECTION('',(0.5,0.866025403784,0.));
#1052 = DEFINITIONAL_REPRESENTATION('',(#1053),#1057);
#1053 = LINE('',#1054,#1055);
#1054 = CARTESIAN_POINT('',(5.,0.));
#1055 = VECTOR('',#1056,1.);
#1056 = DIRECTION('',(0.,-1.));
#1057 = ( GEOMETRIC_REPRESENTATION_CONTEXT(2) 
PARAMETRIC_REPRESENTATION_CONTEXT() REPRESENTATION_CONTEXT('2D SPACE',''
  ) );
#1058 = ORIENTED_EDGE('',*,*,#1059,.T.);
#1059 = EDGE_CURVE('',#1027,#1060,#1062,.T.);
#1060 = VERTEX_POINT('',#1061);
#1061 = CARTESIAN_POINT('',(2.5,4.330127018922,4.));
#1062 = SURFACE_CURVE('',#1063,(#1067,#1074),.PCURVE_S1.);
#1063 = LINE('',#1064,#1065);
#1064 = CARTESIAN_POINT('',(5.,0.,4.));
#1065 = VECTOR('',#1066,1.);
#1066 = DIRECTION('',(-0.5,0.866025403784,0.));
#1067 = PCURVE('',#1035,#1068);
#1068 = DEFINITIONAL_REPRESENTATION('',(#1069),#1073);
#1069 = LINE('',#1070,#1071);
#1070 = CARTESIAN_POINT('',(0.,-4.));
#1071 = VECTOR('',#1072,1.);
#1072 = DIRECTION('',(1.,0.));
#1073 = ( GEOMETRIC_REPRESENTATION_CONTEXT(2) 
PARAMETRIC_REPRESENTATION_CONTEXT() REPRESENTATION_CONTEXT('2D SPACE',''
  ) );
#1074 = PCURVE('',#1075,#1080);
#1075 = PLANE('',#1076);
#1076 = AXIS2_PLACEMENT_3D('',#1077,#1078,#1079);
#1077 = CARTESIAN_POINT('',(-2.960594732334E-16,3.026543175439E-16,4.));
#1078 = DIRECTION('',(0.,0.,1.));
#1079 = DIRECTION('',(1.,0.,-0.));
#1080 = DEFINITIONAL_REPRESENTATION('',(#1081),#1085);
#1081 = LINE('',#1082,#1083);
#1082 = CARTESIAN_POINT('',(5.,-3.026543175439E-16));
#1083 = VECTOR('',#1084,1.);
#1084 = DIRECTION('',(-0.5,0.866025403784));
#1085 = ( GEOMETRIC_REPRESENTATION_CONTEXT(2) 
PARAMETRIC_REPRESENTATION_CONTEXT() REPRESENTATION_CONTEXT('2D SPACE',''
  ) );
#1086 = ORIENTED_EDGE('',*,*,#1087,.F.);
#1087 = EDGE_CURVE('',#1088,#1060,#1090,.T.);
#1088 = VERTEX_POINT('',#1089);
#1089 = CARTESIAN_POINT('',(2.5,4.330127018922,0.));
#1090 = SURFACE_CURVE('',#1091,(#1095,#1102),.PCURVE_S1.);
#1091 = LINE('',#1092,#1093);
#1092 = CARTESIAN_POINT('',(2.5,4.330127018922,0.));
#1093 = VECTOR('',#1094,1.);
#1094 = DIRECTION('',(0.,0.,1.));
#1095 = PCURVE('',#1035,#1096);
#1096 = DEFINITIONAL_REPRESENTATION('',(#1097),#1101);
#1097 = LINE('',#1098,#1099);
#1098 = CARTESIAN_POINT('',(5.,0.));
#1099 = VECTOR('',#1100,1.);
#1100 = DIRECTION('',(0.,-1.));
#1101 = ( GEOMETRIC_REPRESENTATION_CONTEXT(2) 
PARAMETRIC_REPRESENTATION_CONTEXT() REPRESENTATION_CONTEXT('2D SPACE',''
  ) );
#1102 = PCURVE('',#1103,#1108);
#1103 = PLANE('',#1104);
#1104 = AXIS2_PLACEMENT_3D('',#1105,#1106,#1107);
#1105 = CARTESIAN_POINT('',(2.5,4.330127018922,0.));
#1106 = DIRECTION('',(-1.7763568394E-16,-1.,0.));
#1107 = DIRECTION('',(-1.,1.7763568394E-16,0.));
#1108 = DEFINITIONAL_REPRESENTATION('',(#1109),#1113);
#1109 = LINE('',#1110,#1111);
#1110 = CARTESIAN_POINT('',(0.,0.));
#1111 = VECTOR('',#1112,1.);
#1112 = DIRECTION('',(0.,-1.));
#1113 = ( GEOMETRIC_REPRESENTATION_CONTEXT(2) 
PARAMETRIC_REPRESENTATION_CONTEXT() REPRESENTATION_CONTEXT('2D SPACE',''
  ) );
#1114 = ORIENTED_EDGE('',*,*,#1115,.F.);
#1115 = EDGE_CURVE('',#1025,#1088,#1116,.T.);
#1116 = SURFACE_CURVE('',#1117,(#1121,#1128),.PCURVE_S1.);
#1117 = LINE('',#1118,#1119);
#1118 = CARTESIAN_POINT('',(5.,0.,0.));
#1119 = VECTOR('',#1120,1.);
#1120 = DIRECTION('',(-0.5,0.866025403784,0.));
#1121 = PCURVE('',#1035,#1122);
#1122 = DEFINITIONAL_REPRESENTATION('',(#1123),#1127);
#1123 = LINE('',#1124,#1125);
#1124 = CARTESIAN_POINT('',(0.,0.));
#1125 = VECTOR('',#1126,1.);
#1126 = DIRECTION('',(1.,0.));
#1127 = ( GEOMETRIC_REPRESENTATION_CONTEXT(2) 
PARAMETRIC_REPRESENTATION_CONTEXT() REPRESENTATION_CONTEXT('2D SPACE',''
  ) );
#1128 = PCURVE('',#1129,#1134);
#1129 = PLANE('',#1130);
#1130 = AXIS2_PLACEMENT_3D('',#1131,#1132,#1133);
#1131 = CARTESIAN_POINT('',(-2.960594732334E-16,3.026543175439E-16,0.));
#1132 = DIRECTION('',(0.,0.,1.));
#1133 = DIRECTION('',(1.,0.,-0.));
#1134 = DEFINITIONAL_REPRESENTATION('',(#1135),#1139);
#1135 = LINE('',#1136,#1137);
#1136 = CARTESIAN_POINT('',(5.,-3.026543175439E-16));
#1137 = VECTOR('',#1138,1.);
#1138 = DIRECTION('',(-0.5,0.866025403784));
#1139 = ( GEOMETRIC_REPRESENTATION_CONTEXT(2) 
PARAMETRIC_REPRESENTATION_CONTEXT() REPRESENTATION_CONTEXT('2D SPACE',''
  ) );
#1140 = ADVANCED_FACE('',(#1141),#1047,.F.);
#1141 = FACE_BOUND('',#1142,.F.);
#1142 = EDGE_LOOP('',(#1143,#1173,#1194,#1195));
#1143 = ORIENTED_EDGE('',*,*,#1144,.T.);
#1144 = EDGE_CURVE('',#1145,#1147,#1149,.T.);
#1145 = VERTEX_POINT('',#1146);
#1146 = CARTESIAN_POINT('',(2.5,-4.330127018922,0.));
#1147 = VERTEX_POINT('',#1148);
#1148 = CARTESIAN_POINT('',(2.5,-4.330127018922,4.));
#1149 = SURFACE_CURVE('',#1150,(#1154,#1161),.PCURVE_S1.);
#1150 = LINE('',#1151,#1152);
#1151 = CARTESIAN_POINT('',(2.5,-4.330127018922,0.));
#1152 = VECTOR('',#1153,1.);
#1153 = DIRECTION('',(0.,0.,1.));
#1154 = PCURVE('',#1047,#1155);
#1155 = DEFINITIONAL_REPRESENTATION('',(#1156),#1160);
#1156 = LINE('',#1157,#1158);
#1157 = CARTESIAN_POINT('',(0.,0.));
#1158 = VECTOR('',#1159,1.);
#1159 = DIRECTION('',(0.,-1.));
#1160 = ( GEOMETRIC_REPRESENTATION_CONTEXT(2) 
PARAMETRIC_REPRESENTATION_CONTEXT() REPRESENTATION_CONTEXT('2D SPACE',''
  ) );
#1161 = PCURVE('',#1162,#1167);
#1162 = PLANE('',#1163);
#1163 = AXIS2_PLACEMENT_3D('',#1164,#1165,#1166);
#1164 = CARTESIAN_POINT('',(-2.5,-4.330127018922,0.));
#1165 = DIRECTION('',(7.105427357601E-16,1.,-0.));
#1166 = DIRECTION('',(1.,-7.105427357601E-16,0.));
#1167 = DEFINITIONAL_REPRESENTATION('',(#1168),#1172);
#1168 = LINE('',#1169,#1170);
#1169 = CARTESIAN_POINT('',(5.,0.));
#1170 = VECTOR('',#1171,1.);
#1171 = DIRECTION('',(0.,-1.));
#1172 = ( GEOMETRIC_REPRESENTATION_CONTEXT(2) 
PARAMETRIC_REPRESENTATION_CONTEXT() REPRESENTATION_CONTEXT('2D SPACE',''
  ) );
#1173 = ORIENTED_EDGE('',*,*,#1174,.T.);
#1174 = EDGE_CURVE('',#1147,#1027,#1175,.T.);
#1175 = SURFACE_CURVE('',#1176,(#1180,#1187),.PCURVE_S1.);
#1176 = LINE('',#1177,#1178);
#1177 = CARTESIAN_POINT('',(2.5,-4.330127018922,4.));
#1178 = VECTOR('',#1179,1.);
#1179 = DIRECTION('',(0.5,0.866025403784,0.));
#1180 = PCURVE('',#1047,#1181);
#1181 = DEFINITIONAL_REPRESENTATION('',(#1182),#1186);
#1182 = LINE('',#1183,#1184);
#1183 = CARTESIAN_POINT('',(0.,-4.));
#1184 = VECTOR('',#1185,1.);
#1185 = DIRECTION('',(1.,0.));
#1186 = ( GEOMETRIC_REPRESENTATION_CONTEXT(2) 
PARAMETRIC_REPRESENTATION_CONTEXT() REPRESENTATION_CONTEXT('2D SPACE',''
  ) );
#1187 = PCURVE('',#1075,#1188);
#1188 = DEFINITIONAL_REPRESENTATION('',(#1189),#1193);
#1189 = LINE('',#1190,#1191);
#1190 = CARTESIAN_POINT('',(2.5,-4.330127018922));
#1191 = VECTOR('',#1192,1.);
#1192 = DIRECTION('',(0.5,0.866025403784));
#1193 = ( GEOMETRIC_REPRESENTATION_CONTEXT(2) 
PARAMETRIC_REPRESENTATION_CONTEXT() REPRESENTATION_CONTEXT('2D SPACE',''
  ) );
#1194 = ORIENTED_EDGE('',*,*,#1024,.F.);
#1195 = ORIENTED_EDGE('',*,*,#1196,.F.);
#1196 = EDGE_CURVE('',#1145,#1025,#1197,.T.);
#1197 = SURFACE_CURVE('',#1198,(#1202,#1209),.PCURVE_S1.);
#1198 = LINE('',#1199,#1200);
#1199 = CARTESIAN_POINT('',(2.5,-4.330127018922,0.));
#1200 = VECTOR('',#1201,1.);
#1201 = DIRECTION('',(0.5,0.866025403784,0.));
#1202 = PCURVE('',#1047,#1203);
#1203 = DEFINITIONAL_REPRESENTATION('',(#1204),#1208);
#1204 = LINE('',#1205,#1206);
#1205 = CARTESIAN_POINT('',(0.,0.));
#1206 = VECTOR('',#1207,1.);
#1207 = DIRECTION('',(1.,0.));
#1208 = ( GEOMETRIC_REPRESENTATION_CONTEXT(2) 
PARAMETRIC_REPRESENTATION_CONTEXT() REPRESENTATION_CONTEXT('2D SPACE',''
  ) );
#1209 = PCURVE('',#1129,#1210);
#1210 = DEFINITIONAL_REPRESENTATION('',(#1211),#1215);
#1211 = LINE('',#1212,#1213);
#1212 = CARTESIAN_POINT('',(2.5,-4.330127018922));
#1213 = VECTOR('',#1214,1.);
#1214 = DIRECTION('',(0.5,0.866025403784));
#1215 = ( GEOMETRIC_REPRESENTATION_CONTEXT(2) 
PARAMETRIC_REPRESENTATION_CONTEXT() REPRESENTATION_CONTEXT('2D SPACE',''
  ) );
#1216 = ADVANCED_FACE('',(#1217),#1103,.F.);
#1217 = FACE_BOUND('',#1218,.F.);
#1218 = EDGE_LOOP('',(#1219,#1220,#1243,#1271));
#1219 = ORIENTED_EDGE('',*,*,#1087,.T.);
#1220 = ORIENTED_EDGE('',*,*,#1221,.T.);
#1221 = EDGE_CURVE('',#1060,#1222,#1224,.T.);
#1222 = VERTEX_POINT('',#1223);
#1223 = CARTESIAN_POINT('',(-2.5,4.330127018922,4.));
#1224 = SURFACE_CURVE('',#1225,(#1229,#1236),.PCURVE_S1.);
#1225 = LINE('',#1226,#1227);
#1226 = CARTESIAN_POINT('',(2.5,4.330127018922,4.));
#1227 = VECTOR('',#1228,1.);
#1228 = DIRECTION('',(-1.,1.7763568394E-16,0.));
#1229 = PCURVE('',#1103,#1230);
#1230 = DEFINITIONAL_REPRESENTATION('',(#1231),#1235);
#1231 = LINE('',#1232,#1233);
#1232 = CARTESIAN_POINT('',(0.,-4.));
#1233 = VECTOR('',#1234,1.);
#1234 = DIRECTION('',(1.,0.));
#1235 = ( GEOMETRIC_REPRESENTATION_CONTEXT(2) 
PARAMETRIC_REPRESENTATION_CONTEXT() REPRESENTATION_CONTEXT('2D SPACE',''
  ) );
#1236 = PCURVE('',#1075,#1237);
#1237 = DEFINITIONAL_REPRESENTATION('',(#1238),#1242);
#1238 = LINE('',#1239,#1240);
#1239 = CARTESIAN_POINT('',(2.5,4.330127018922));
#1240 = VECTOR('',#1241,1.);
#1241 = DIRECTION('',(-1.,1.7763568394E-16));
#1242 = ( GEOMETRIC_REPRESENTATION_CONTEXT(2) 
PARAMETRIC_REPRESENTATION_CONTEXT() REPRESENTATION_CONTEXT('2D SPACE',''
  ) );
#1243 = ORIENTED_EDGE('',*,*,#1244,.F.);
#1244 = EDGE_CURVE('',#1245,#1222,#1247,.T.);
#1245 = VERTEX_POINT('',#1246);
#1246 = CARTESIAN_POINT('',(-2.5,4.330127018922,0.));
#1247 = SURFACE_CURVE('',#1248,(#1252,#1259),.PCURVE_S1.);
#1248 = LINE('',#1249,#1250);
#1249 = CARTESIAN_POINT('',(-2.5,4.330127018922,0.));
#1250 = VECTOR('',#1251,1.);
#1251 = DIRECTION('',(0.,0.,1.));
#1252 = PCURVE('',#1103,#1253);
#1253 = DEFINITIONAL_REPRESENTATION('',(#1254),#1258);
#1254 = LINE('',#1255,#1256);
#1255 = CARTESIAN_POINT('',(5.,0.));
#1256 = VECTOR('',#1257,1.);
#1257 = DIRECTION('',(0.,-1.));
#1258 = ( GEOMETRIC_REPRESENTATION_CONTEXT(2) 
PARAMETRIC_REPRESENTATION_CONTEXT() REPRESENTATION_CONTEXT('2D SPACE',''
  ) );
#1259 = PCURVE('',#1260,#1265);
#1260 = PLANE('',#1261);
#1261 = AXIS2_PLACEMENT_3D('',#1262,#1263,#1264);
#1262 = CARTESIAN_POINT('',(-2.5,4.330127018922,0.));
#1263 = DIRECTION('',(0.866025403784,-0.5,0.));
#1264 = DIRECTION('',(-0.5,-0.866025403784,0.));
#1265 = DEFINITIONAL_REPRESENTATION('',(#1266),#1270);
#1266 = LINE('',#1267,#1268);
#1267 = CARTESIAN_POINT('',(0.,0.));
#1268 = VECTOR('',#1269,1.);
#1269 = DIRECTION('',(0.,-1.));
#1270 = ( GEOMETRIC_REPRESENTATION_CONTEXT(2) 
PARAMETRIC_REPRESENTATION_CONTEXT() REPRESENTATION_CONTEXT('2D SPACE',''
  ) );
#1271 = ORIENTED_EDGE('',*,*,#1272,.F.);
#1272 = EDGE_CURVE('',#1088,#1245,#1273,.T.);
#1273 = SURFACE_CURVE('',#1274,(#1278,#1285),.PCURVE_S1.);
#1274 = LINE('',#1275,#1276);
#1275 = CARTESIAN_POINT('',(2.5,4.330127018922,0.));
#1276 = VECTOR('',#1277,1.);
#1277 = DIRECTION('',(-1.,1.7763568394E-16,0.));
#1278 = PCURVE('',#1103,#1279);
#1279 = DEFINITIONAL_REPRESENTATION('',(#1280),#1284);
#1280 = LINE('',#1281,#1282);
#1281 = CARTESIAN_POINT('',(0.,0.));
#1282 = VECTOR('',#1283,1.);
#1283 = DIRECTION('',(1.,0.));
#1284 = ( GEOMETRIC_REPRESENTATION_CONTEXT(2) 
PARAMETRIC_REPRESENTATION_CONTEXT() REPRESENTATION_CONTEXT('2D SPACE',''
  ) );
#1285 = PCURVE('',#1129,#1286);
#1286 = DEFINITIONAL_REPRESENTATION('',(#1287),#1291);
#1287 = LINE('',#1288,#1289);
#1288 = CARTESIAN_POINT('',(2.5,4.330127018922));
#1289 = VECTOR('',#1290,1.);
#1290 = DIRECTION('',(-1.,1.7763568394E-16));
#1291 = ( GEOMETRIC_REPRESENTATION_CONTEXT(2) 
PARAMETRIC_REPRESENTATION_CONTEXT() REPRESENTATION_CONTEXT('2D SPACE',''
  ) );
#1292 = ADVANCED_FACE('',(#1293,#1370),#1129,.F.);
#1293 = FACE_BOUND('',#1294,.F.);
#1294 = EDGE_LOOP('',(#1295,#1296,#1297,#1320,#1348,#1369));
#1295 = ORIENTED_EDGE('',*,*,#1115,.T.);
#1296 = ORIENTED_EDGE('',*,*,#1272,.T.);
#1297 = ORIENTED_EDGE('',*,*,#1298,.T.);
#1298 = EDGE_CURVE('',#1245,#1299,#1301,.T.);
#1299 = VERTEX_POINT('',#1300);
#1300 = CARTESIAN_POINT('',(-5.,6.123233995737E-16,0.));
#1301 = SURFACE_CURVE('',#1302,(#1306,#1313),.PCURVE_S1.);
#1302 = LINE('',#1303,#1304);
#1303 = CARTESIAN_POINT('',(-2.5,4.330127018922,0.));
#1304 = VECTOR('',#1305,1.);
#1305 = DIRECTION('',(-0.5,-0.866025403784,0.));
#1306 = PCURVE('',#1129,#1307);
#1307 = DEFINITIONAL_REPRESENTATION('',(#1308),#1312);
#1308 = LINE('',#1309,#1310);
#1309 = CARTESIAN_POINT('',(-2.5,4.330127018922));
#1310 = VECTOR('',#1311,1.);
#1311 = DIRECTION('',(-0.5,-0.866025403784));
#1312 = ( GEOMETRIC_REPRESENTATION_CONTEXT(2) 
PARAMETRIC_REPRESENTATION_CONTEXT() REPRESENTATION_CONTEXT('2D SPACE',''
  ) );
#1313 = PCURVE('',#1260,#1314);
#1314 = DEFINITIONAL_REPRESENTATION('',(#1315),#1319);
#1315 = LINE('',#1316,#1317);
#1316 = CARTESIAN_POINT('',(0.,0.));
#1317 = VECTOR('',#1318,1.);
#1318 = DIRECTION('',(1.,0.));
#1319 = ( GEOMETRIC_REPRESENTATION_CONTEXT(2) 
PARAMETRIC_REPRESENTATION_CONTEXT() REPRESENTATION_CONTEXT('2D SPACE',''
  ) );
#1320 = ORIENTED_EDGE('',*,*,#1321,.T.);
#1321 = EDGE_CURVE('',#1299,#1322,#1324,.T.);
#1322 = VERTEX_POINT('',#1323);
#1323 = CARTESIAN_POINT('',(-2.5,-4.330127018922,0.));
#1324 = SURFACE_CURVE('',#1325,(#1329,#1336),.PCURVE_S1.);
#1325 = LINE('',#1326,#1327);
#1326 = CARTESIAN_POINT('',(-5.,6.123233995737E-16,0.));
#1327 = VECTOR('',#1328,1.);
#1328 = DIRECTION('',(0.5,-0.866025403784,0.));
#1329 = PCURVE('',#1129,#1330);
#1330 = DEFINITIONAL_REPRESENTATION('',(#1331),#1335);
#1331 = LINE('',#1332,#1333);
#1332 = CARTESIAN_POINT('',(-5.,3.096690820298E-16));
#1333 = VECTOR('',#1334,1.);
#1334 = DIRECTION('',(0.5,-0.866025403784));
#1335 = ( GEOMETRIC_REPRESENTATION_CONTEXT(2) 
PARAMETRIC_REPRESENTATION_CONTEXT() REPRESENTATION_CONTEXT('2D SPACE',''
  ) );
#1336 = PCURVE('',#1337,#1342);
#1337 = PLANE('',#1338);
#1338 = AXIS2_PLACEMENT_3D('',#1339,#1340,#1341);
#1339 = CARTESIAN_POINT('',(-5.,6.123233995737E-16,0.));
#1340 = DIRECTION('',(0.866025403784,0.5,-0.));
#1341 = DIRECTION('',(0.5,-0.866025403784,0.));
#1342 = DEFINITIONAL_REPRESENTATION('',(#1343),#1347);
#1343 = LINE('',#1344,#1345);
#1344 = CARTESIAN_POINT('',(0.,0.));
#1345 = VECTOR('',#1346,1.);
#1346 = DIRECTION('',(1.,0.));
#1347 = ( GEOMETRIC_REPRESENTATION_CONTEXT(2) 
PARAMETRIC_REPRESENTATION_CONTEXT() REPRESENTATION_CONTEXT('2D SPACE',''
  ) );
#1348 = ORIENTED_EDGE('',*,*,#1349,.T.);
#1349 = EDGE_CURVE('',#1322,#1145,#1350,.T.);
#1350 = SURFACE_CURVE('',#1351,(#1355,#1362),.PCURVE_S1.);
#1351 = LINE('',#1352,#1353);
#1352 = CARTESIAN_POINT('',(-2.5,-4.330127018922,0.));
#1353 = VECTOR('',#1354,1.);
#1354 = DIRECTION('',(1.,-7.105427357601E-16,0.));
#1355 = PCURVE('',#1129,#1356);
#1356 = DEFINITIONAL_REPRESENTATION('',(#1357),#1361);
#1357 = LINE('',#1358,#1359);
#1358 = CARTESIAN_POINT('',(-2.5,-4.330127018922));
#1359 = VECTOR('',#1360,1.);
#1360 = DIRECTION('',(1.,-7.105427357601E-16));
#1361 = ( GEOMETRIC_REPRESENTATION_CONTEXT(2) 
PARAMETRIC_REPRESENTATION_CONTEXT() REPRESENTATION_CONTEXT('2D SPACE',''
  ) );
#1362 = PCURVE('',#1162,#1363);
#1363 = DEFINITIONAL_REPRESENTATION('',(#1364),#1368);
#1364 = LINE('',#1365,#1366);
#1365 = CARTESIAN_POINT('',(0.,0.));
#1366 = VECTOR('',#1367,1.);
#1367 = DIRECTION('',(1.,0.));
#1368 = ( GEOMETRIC_REPRESENTATION_CONTEXT(2) 
PARAMETRIC_REPRESENTATION_CONTEXT() REPRESENTATION_CONTEXT('2D SPACE',''
  ) );
#1369 = ORIENTED_EDGE('',*,*,#1196,.T.);
#1370 = FACE_BOUND('',#1371,.F.);
#1371 = EDGE_LOOP('',(#1372));
#1372 = ORIENTED_EDGE('',*,*,#1373,.F.);
#1373 = EDGE_CURVE('',#1374,#1374,#1376,.T.);
#1374 = VERTEX_POINT('',#1375);
#1375 = CARTESIAN_POINT('',(3.,0.,0.));
#1376 = SURFACE_CURVE('',#1377,(#1382,#1389),.PCURVE_S1.);
#1377 = CIRCLE('',#1378,3.);
#1378 = AXIS2_PLACEMENT_3D('',#1379,#1380,#1381);
#1379 = CARTESIAN_POINT('',(0.,0.,0.));
#1380 = DIRECTION('',(0.,0.,1.));
#1381 = DIRECTION('',(1.,0.,0.));
#1382 = PCURVE('',#1129,#1383);
#1383 = DEFINITIONAL_REPRESENTATION('',(#1384),#1388);
#1384 = CIRCLE('',#1385,3.);
#1385 = AXIS2_PLACEMENT_2D('',#1386,#1387);
#1386 = CARTESIAN_POINT('',(2.960594732334E-16,-3.026543175439E-16));
#1387 = DIRECTION('',(1.,0.));
#1388 = ( GEOMETRIC_REPRESENTATION_CONTEXT(2) 
PARAMETRIC_REPRESENTATION_CONTEXT() REPRESENTATION_CONTEXT('2D SPACE',''
  ) );
#1389 = PCURVE('',#1390,#1395);
#1390 = CYLINDRICAL_SURFACE('',#1391,3.);
#1391 = AXIS2_PLACEMENT_3D('',#1392,#1393,#1394);
#1392 = CARTESIAN_POINT('',(0.,0.,-12.));
#1393 = DIRECTION('',(-0.,-0.,-1.));
#1394 = DIRECTION('',(1.,0.,0.));
#1395 = DEFINITIONAL_REPRESENTATION('',(#1396),#1400);
#1396 = LINE('',#1397,#1398);
#1397 = CARTESIAN_POINT('',(-0.,-12.));
#1398 = VECTOR('',#1399,1.);
#1399 = DIRECTION('',(-1.,0.));
#1400 = ( GEOMETRIC_REPRESENTATION_CONTEXT(2) 
PARAMETRIC_REPRESENTATION_CONTEXT() REPRESENTATION_CONTEXT('2D SPACE',''
  ) );
#1401 = ADVANCED_FACE('',(#1402),#1075,.T.);
#1402 = FACE_BOUND('',#1403,.T.);
#1403 = EDGE_LOOP('',(#1404,#1405,#1406,#1429,#1452,#1473));
#1404 = ORIENTED_EDGE('',*,*,#1059,.T.);
#1405 = ORIENTED_EDGE('',*,*,#1221,.T.);
#1406 = ORIENTED_EDGE('',*,*,#1407,.T.);
#1407 = EDGE_CURVE('',#1222,#1408,#1410,.T.);
#1408 = VERTEX_POINT('',#1409);
#1409 = CARTESIAN_POINT('',(-5.,6.123233995737E-16,4.));
#1410 = SURFACE_CURVE('',#1411,(#1415,#1422),.PCURVE_S1.);
#1411 = LINE('',#1412,#1413);
#1412 = CARTESIAN_POINT('',(-2.5,4.330127018922,4.));
#1413 = VECTOR('',#1414,1.);
#1414 = DIRECTION('',(-0.5,-0.866025403784,0.));
#1415 = PCURVE('',#1075,#1416);
#1416 = DEFINITIONAL_REPRESENTATION('',(#1417),#1421);
#1417 = LINE('',#1418,#1419);
#1418 = CARTESIAN_POINT('',(-2.5,4.330127018922));
#1419 = VECTOR('',#1420,1.);
#1420 = DIRECTION('',(-0.5,-0.866025403784));
#1421 = ( GEOMETRIC_REPRESENTATION_CONTEXT(2) 
PARAMETRIC_REPRESENTATION_CONTEXT() REPRESENTATION_CONTEXT('2D SPACE',''
  ) );
#1422 = PCURVE('',#1260,#1423);
#1423 = DEFINITIONAL_REPRESENTATION('',(#1424),#1428);
#1424 = LINE('',#1425,#1426);
#1425 = CARTESIAN_POINT('',(0.,-4.));
#1426 = VECTOR('',#1427,1.);
#1427 = DIRECTION('',(1.,0.));
#1428 = ( GEOMETRIC_REPRESENTATION_CONTEXT(2) 
PARAMETRIC_REPRESENTATION_CONTEXT() REPRESENTATION_CONTEXT('2D SPACE',''
  ) );
#1429 = ORIENTED_EDGE('',*,*,#1430,.T.);
#1430 = EDGE_CURVE('',#1408,#1431,#1433,.T.);
#1431 = VERTEX_POINT('',#1432);
#1432 = CARTESIAN_POINT('',(-2.5,-4.330127018922,4.));
#1433 = SURFACE_CURVE('',#1434,(#1438,#1445),.PCURVE_S1.);
#1434 = LINE('',#1435,#1436);
#1435 = CARTESIAN_POINT('',(-5.,6.123233995737E-16,4.));
#1436 = VECTOR('',#1437,1.);
#1437 = DIRECTION('',(0.5,-0.866025403784,0.));
#1438 = PCURVE('',#1075,#1439);
#1439 = DEFINITIONAL_REPRESENTATION('',(#1440),#1444);
#1440 = LINE('',#1441,#1442);
#1441 = CARTESIAN_POINT('',(-5.,3.096690820298E-16));
#1442 = VECTOR('',#1443,1.);
#1443 = DIRECTION('',(0.5,-0.866025403784));
#1444 = ( GEOMETRIC_REPRESENTATION_CONTEXT(2) 
PARAMETRIC_REPRESENTATION_CONTEXT() REPRESENTATION_CONTEXT('2D SPACE',''
  ) );
#1445 = PCURVE('',#1337,#1446);
#1446 = DEFINITIONAL_REPRESENTATION('',(#1447),#1451);
#1447 = LINE('',#1448,#1449);
#1448 = CARTESIAN_POINT('',(0.,-4.));
#1449 = VECTOR('',#1450,1.);
#1450 = DIRECTION('',(1.,0.));
#1451 = ( GEOMETRIC_REPRESENTATION_CONTEXT(2) 
PARAMETRIC_REPRESENTATION_CONTEXT() REPRESENTATION_CONTEXT('2D SPACE',''
  ) );
#1452 = ORIENTED_EDGE('',*,*,#1453,.T.);
#1453 = EDGE_CURVE('',#1431,#1147,#1454,.T.);
#1454 = SURFACE_CURVE('',#1455,(#1459,#1466),.PCURVE_S1.);
#1455 = LINE('',#1456,#1457);
#1456 = CARTESIAN_POINT('',(-2.5,-4.330127018922,4.));
#1457 = VECTOR('',#1458,1.);
#1458 = DIRECTION('',(1.,-7.105427357601E-16,0.));
#1459 = PCURVE('',#1075,#1460);
#1460 = DEFINITIONAL_REPRESENTATION('',(#1461),#1465);
#1461 = LINE('',#1462,#1463);
#1462 = CARTESIAN_POINT('',(-2.5,-4.330127018922));
#1463 = VECTOR('',#1464,1.);
#1464 = DIRECTION('',(1.,-7.105427357601E-16));
#1465 = ( GEOMETRIC_REPRESENTATION_CONTEXT(2) 
PARAMETRIC_REPRESENTATION_CONTEXT() REPRESENTATION_CONTEXT('2D SPACE',''
  ) );
#1466 = PCURVE('',#1162,#1467);
#1467 = DEFINITIONAL_REPRESENTATION('',(#1468),#1472);
#1468 = LINE('',#1469,#1470);
#1469 = CARTESIAN_POINT('',(0.,-4.));
#1470 = VECTOR('',#1471,1.);
#1471 = DIRECTION('',(1.,0.));
#1472 = ( GEOMETRIC_REPRESENTATION_CONTEXT(2) 
PARAMETRIC_REPRESENTATION_CONTEXT() REPRESENTATION_CONTEXT('2D SPACE',''
  ) );
#1473 = ORIENTED_EDGE('',*,*,#1174,.T.);
#1474 = ADVANCED_FACE('',(#1475),#1162,.F.);
#1475 = FACE_BOUND('',#1476,.F.);
#1476 = EDGE_LOOP('',(#1477,#1498,#1499,#1500));
#1477 = ORIENTED_EDGE('',*,*,#1478,.T.);
#1478 = EDGE_CURVE('',#1322,#1431,#1479,.T.);
#1479 = SURFACE_CURVE('',#1480,(#1484,#1491),.PCURVE_S1.);
#1480 = LINE('',#1481,#1482);
#1481 = CARTESIAN_POINT('',(-2.5,-4.330127018922,0.));
#1482 = VECTOR('',#1483,1.);
#1483 = DIRECTION('',(0.,0.,1.));
#1484 = PCURVE('',#1162,#1485);
#1485 = DEFINITIONAL_REPRESENTATION('',(#1486),#1490);
#1486 = LINE('',#1487,#1488);
#1487 = CARTESIAN_POINT('',(0.,0.));
#1488 = VECTOR('',#1489,1.);
#1489 = DIRECTION('',(0.,-1.));
#1490 = ( GEOMETRIC_REPRESENTATION_CONTEXT(2) 
PARAMETRIC_REPRESENTATION_CONTEXT() REPRESENTATION_CONTEXT('2D SPACE',''
  ) );
#1491 = PCURVE('',#1337,#1492);
#1492 = DEFINITIONAL_REPRESENTATION('',(#1493),#1497);
#1493 = LINE('',#1494,#1495);
#1494 = CARTESIAN_POINT('',(5.,0.));
#1495 = VECTOR('',#1496,1.);
#1496 = DIRECTION('',(0.,-1.));
#1497 = ( GEOMETRIC_REPRESENTATION_CONTEXT(2) 
PARAMETRIC_REPRESENTATION_CONTEXT() REPRESENTATION_CONTEXT('2D SPACE',''
  ) );
#1498 = ORIENTED_EDGE('',*,*,#1453,.T.);
#1499 = ORIENTED_EDGE('',*,*,#1144,.F.);
#1500 = ORIENTED_EDGE('',*,*,#1349,.F.);
#1501 = ADVANCED_FACE('',(#1502),#1260,.F.);
#1502 = FACE_BOUND('',#1503,.F.);
#1503 = EDGE_LOOP('',(#1504,#1505,#1506,#1527));
#1504 = ORIENTED_EDGE('',*,*,#1244,.T.);
#1505 = ORIENTED_EDGE('',*,*,#1407,.T.);
#1506 = ORIENTED_EDGE('',*,*,#1507,.F.);
#1507 = EDGE_CURVE('',#1299,#1408,#1508,.T.);
#1508 = SURFACE_CURVE('',#1509,(#1513,#1520),.PCURVE_S1.);
#1509 = LINE('',#1510,#1511);
#1510 = CARTESIAN_POINT('',(-5.,6.123233995737E-16,0.));
#1511 = VECTOR('',#1512,1.);
#1512 = DIRECTION('',(0.,0.,1.));
#1513 = PCURVE('',#1260,#1514);
#1514 = DEFINITIONAL_REPRESENTATION('',(#1515),#1519);
#1515 = LINE('',#1516,#1517);
#1516 = CARTESIAN_POINT('',(5.,0.));
#1517 = VECTOR('',#1518,1.);
#1518 = DIRECTION('',(0.,-1.));
#1519 = ( GEOMETRIC_REPRESENTATION_CONTEXT(2) 
PARAMETRIC_REPRESENTATION_CONTEXT() REPRESENTATION_CONTEXT('2D SPACE',''
  ) );
#1520 = PCURVE('',#1337,#1521);
#1521 = DEFINITIONAL_REPRESENTATION('',(#1522),#1526);
#1522 = LINE('',#1523,#1524);
#1523 = CARTESIAN_POINT('',(0.,0.));
#1524 = VECTOR('',#1525,1.);
#1525 = DIRECTION('',(0.,-1.));
#1526 = ( GEOMETRIC_REPRESENTATION_CONTEXT(2) 
PARAMETRIC_REPRESENTATION_CONTEXT() REPRESENTATION_CONTEXT('2D SPACE',''
  ) );
#1527 = ORIENTED_EDGE('',*,*,#1298,.F.);
#1528 = ADVANCED_FACE('',(#1529),#1337,.F.);
#1529 = FACE_BOUND('',#1530,.F.);
#1530 = EDGE_LOOP('',(#1531,#1532,#1533,#1534));
#1531 = ORIENTED_EDGE('',*,*,#1507,.T.);
#1532 = ORIENTED_EDGE('',*,*,#1430,.T.);
#1533 = ORIENTED_EDGE('',*,*,#1478,.F.);
#1534 = ORIENTED_EDGE('',*,*,#1321,.F.);
#1535 = ADVANCED_FACE('',(#1536),#1390,.T.);
#1536 = FACE_BOUND('',#1537,.F.);
#1537 = EDGE_LOOP('',(#1538,#1561,#1562,#1563));
#1538 = ORIENTED_EDGE('',*,*,#1539,.T.);
#1539 = EDGE_CURVE('',#1540,#1374,#1542,.T.);
#1540 = VERTEX_POINT('',#1541);
#1541 = CARTESIAN_POINT('',(3.,0.,-12.));
#1542 = SEAM_CURVE('',#1543,(#1547,#1554),.PCURVE_S1.);
#1543 = LINE('',#1544,#1545);
#1544 = CARTESIAN_POINT('',(3.,0.,-12.));
#1545 = VECTOR('',#1546,1.);
#1546 = DIRECTION('',(0.,0.,1.));
#1547 = PCURVE('',#1390,#1548);
#1548 = DEFINITIONAL_REPRESENTATION('',(#1549),#1553);
#1549 = LINE('',#1550,#1551);
#1550 = CARTESIAN_POINT('',(-0.,0.));
#1551 = VECTOR('',#1552,1.);
#1552 = DIRECTION('',(-0.,-1.));
#1553 = ( GEOMETRIC_REPRESENTATION_CONTEXT(2) 
PARAMETRIC_REPRESENTATION_CONTEXT() REPRESENTATION_CONTEXT('2D SPACE',''
  ) );
#1554 = PCURVE('',#1390,#1555);
#1555 = DEFINITIONAL_REPRESENTATION('',(#1556),#1560);
#1556 = LINE('',#1557,#1558);
#1557 = CARTESIAN_POINT('',(-6.28318530718,0.));
#1558 = VECTOR('',#1559,1.);
#1559 = DIRECTION('',(-0.,-1.));
#1560 = ( GEOMETRIC_REPRESENTATION_CONTEXT(2) 
PARAMETRIC_REPRESENTATION_CONTEXT() REPRESENTATION_CONTEXT('2D SPACE',''
  ) );
#1561 = ORIENTED_EDGE('',*,*,#1373,.T.);
#1562 = ORIENTED_EDGE('',*,*,#1539,.F.);
#1563 = ORIENTED_EDGE('',*,*,#1564,.F.);
#1564 = EDGE_CURVE('',#1540,#1540,#1565,.T.);
#1565 = SURFACE_CURVE('',#1566,(#1571,#1578),.PCURVE_S1.);
#1566 = CIRCLE('',#1567,3.);
#1567 = AXIS2_PLACEMENT_3D('',#1568,#1569,#1570);
#1568 = CARTESIAN_POINT('',(0.,0.,-12.));
#1569 = DIRECTION('',(0.,0.,1.));
#1570 = DIRECTION('',(1.,0.,0.));
#1571 = PCURVE('',#1390,#1572);
#1572 = DEFINITIONAL_REPRESENTATION('',(#1573),#1577);
#1573 = LINE('',#1574,#1575);
#1574 = CARTESIAN_POINT('',(-0.,0.));
#1575 = VECTOR('',#1576,1.);
#1576 = DIRECTION('',(-1.,0.));
#1577 = ( GEOMETRIC_REPRESENTATION_CONTEXT(2) 
PARAMETRIC_REPRESENTATION_CONTEXT() REPRESENTATION_CONTEXT('2D SPACE',''
  ) );
#1578 = PCURVE('',#1579,#1584);
#1579 = PLANE('',#1580);
#1580 = AXIS2_PLACEMENT_3D('',#1581,#1582,#1583);
#1581 = CARTESIAN_POINT('',(-1.709300165674E-16,1.054420088418E-16,-12.)
  );
#1582 = DIRECTION('',(0.,0.,1.));
#1583 = DIRECTION('',(1.,0.,-0.));
#1584 = DEFINITIONAL_REPRESENTATION('',(#1585),#1589);
#1585 = CIRCLE('',#1586,3.);
#1586 = AXIS2_PLACEMENT_2D('',#1587,#1588);
#1587 = CARTESIAN_POINT('',(1.709300165674E-16,-1.054420088418E-16));
#1588 = DIRECTION('',(1.,0.));
#1589 = ( GEOMETRIC_REPRESENTATION_CONTEXT(2) 
PARAMETRIC_REPRESENTATION_CONTEXT() REPRESENTATION_CONTEXT('2D SPACE',''
  ) );
#1590 = ADVANCED_FACE('',(#1591),#1579,.F.);
#1591 = FACE_BOUND('',#1592,.F.);
#1592 = EDGE_LOOP('',(#1593));
#1593 = ORIENTED_EDGE('',*,*,#1564,.T.);
#1594 = ( GEOMETRIC_REPRESENTATION_CONTEXT(3) 
GLOBAL_UNCERTAINTY_ASSIGNED_CONTEXT((#1598)) 
GLOBAL_UNIT_ASSIGNED_CONTEXT((#1595,#1596,#1597)) REPRESENTATION_CONTEXT
('Context #1','3D Context with UNIT and UNCERTAINTY') );
#1595 = ( LENGTH_UNIT() NAMED_UNIT(*) SI_UNIT(.MILLI.,.METRE.) );
#1596 = ( NAMED_UNIT(*) PLANE_ANGLE_UNIT() SI_UNIT($,.RADIAN.) );
#1597 = ( NAMED_UNIT(*) SI_UNIT($,.STERADIAN.) SOLID_ANGLE_UNIT() );
#1598 = UNCERTAINTY_MEASURE_WITH_UNIT(LENGTH_MEASURE(1.E-07),#1595,
  'distance_accuracy_value','confusion accuracy');
#1599 = CONTEXT_DEPENDENT_SHAPE_REPRESENTATION(#1600,#1602);
#1600 = ( REPRESENTATION_RELATIONSHIP('','',#1017,#10) 
REPRESENTATION_RELATIONSHIP_WITH_TRANSFORMATION(#1601) 
SHAPE_REPRESENTATION_RELATIONSHIP() );
#1601 = ITEM_DEFINED_TRANSFORMATION('','',#11,#19);
#1602 = PRODUCT_DEFINITION_SHAPE('Placement','Placement of an item',
  #1603);
#1603 = NEXT_ASSEMBLY_USAGE_OCCURRENCE('47','hex_bolt_1','',#5,#1012,$);
#1604 = PRODUCT_RELATED_PRODUCT_CATEGORY('part',$,(#1014));
#1605 = SHAPE_DEFINITION_REPRESENTATION(#1606,#1612);
#1606 = PRODUCT_DEFINITION_SHAPE('','',#1607);
#1607 = PRODUCT_DEFINITION('design','',#1608,#1611);
#1608 = PRODUCT_DEFINITION_FORMATION('','',#1609);
#1609 = PRODUCT('hex_bolt_2','hex_bolt_2','',(#1610));
#1610 = PRODUCT_CONTEXT('',#2,'mechanical');
#1611 = PRODUCT_DEFINITION_CONTEXT('part definition',#2,'design');
#1612 = ADVANCED_BREP_SHAPE_REPRESENTATION('',(#11,#1613),#2189);
#1613 = MANIFOLD_SOLID_BREP('',#1614);
#1614 = CLOSED_SHELL('',(#1615,#1735,#1811,#1887,#1996,#2069,#2096,#2123
    ,#2130,#2185));
#1615 = ADVANCED_FACE('',(#1616),#1630,.F.);
#1616 = FACE_BOUND('',#1617,.F.);
#1617 = EDGE_LOOP('',(#1618,#1653,#1681,#1709));
#1618 = ORIENTED_EDGE('',*,*,#1619,.T.);
#1619 = EDGE_CURVE('',#1620,#1622,#1624,.T.);
#1620 = VERTEX_POINT('',#1621);
#1621 = CARTESIAN_POINT('',(5.,0.,0.));
#1622 = VERTEX_POINT('',#1623);
#1623 = CARTESIAN_POINT('',(5.,0.,4.));
#1624 = SURFACE_CURVE('',#1625,(#1629,#1641),.PCURVE_S1.);
#1625 = LINE('',#1626,#1627);
#1626 = CARTESIAN_POINT('',(5.,0.,0.));
#1627 = VECTOR('',#1628,1.);
#1628 = DIRECTION('',(0.,0.,1.));
#1629 = PCURVE('',#1630,#1635);
#1630 = PLANE('',#1631);
#1631 = AXIS2_PLACEMENT_3D('',#1632,#1633,#1634);
#1632 = CARTESIAN_POINT('',(5.,0.,0.));
#1633 = DIRECTION('',(-0.866025403784,-0.5,0.));
#1634 = DIRECTION('',(-0.5,0.866025403784,0.));
#1635 = DEFINITIONAL_REPRESENTATION('',(#1636),#1640);
#1636 = LINE('',#1637,#1638);
#1637 = CARTESIAN_POINT('',(0.,0.));
#1638 = VECTOR('',#1639,1.);
#1639 = DIRECTION('',(0.,-1.));
#1640 = ( GEOMETRIC_REPRESENTATION_CONTEXT(2) 
PARAMETRIC_REPRESENTATION_CONTEXT() REPRESENTATION_CONTEXT('2D SPACE',''
  ) );
#1641 = PCURVE('',#1642,#1647);
#1642 = PLANE('',#1643);
#1643 = AXIS2_PLACEMENT_3D('',#1644,#1645,#1646);
#1644 = CARTESIAN_POINT('',(2.5,-4.330127018922,0.));
#1645 = DIRECTION('',(-0.866025403784,0.5,0.));
#1646 = DIRECTION('',(0.5,0.866025403784,0.));
#1647 = DEFINITIONAL_REPRESENTATION('',(#1648),#1652);
#1648 = LINE('',#1649,#1650);
#1649 = CARTESIAN_POINT('',(5.,0.));
#1650 = VECTOR('',#1651,1.);
#1651 = DIRECTION('',(0.,-1.));
#1652 = ( GEOMETRIC_REPRESENTATION_CONTEXT(2) 
PARAMETRIC_REPRESENTATION_CONTEXT() REPRESENTATION_CONTEXT('2D SPACE',''
  ) );
#1653 = ORIENTED_EDGE('',*,*,#1654,.T.);
#1654 = EDGE_CURVE('',#1622,#1655,#1657,.T.);
#1655 = VERTEX_POINT('',#1656);
#1656 = CARTESIAN_POINT('',(2.5,4.330127018922,4.));
#1657 = SURFACE_CURVE('',#1658,(#1662,#1669),.PCURVE_S1.);
#1658 = LINE('',#1659,#1660);
#1659 = CARTESIAN_POINT('',(5.,0.,4.));
#1660 = VECTOR('',#1661,1.);
#1661 = DIRECTION('',(-0.5,0.866025403784,0.));
#1662 = PCURVE('',#1630,#1663);
#1663 = DEFINITIONAL_REPRESENTATION('',(#1664),#1668);
#1664 = LINE('',#1665,#1666);
#1665 = CARTESIAN_POINT('',(0.,-4.));
#1666 = VECTOR('',#1667,1.);
#1667 = DIRECTION('',(1.,0.));
#1668 = ( GEOMETRIC_REPRESENTATION_CONTEXT(2) 
PARAMETRIC_REPRESENTATION_CONTEXT() REPRESENTATION_CONTEXT('2D SPACE',''
  ) );
#1669 = PCURVE('',#1670,#1675);
#1670 = PLANE('',#1671);
#1671 = AXIS2_PLACEMENT_3D('',#1672,#1673,#1674);
#1672 = CARTESIAN_POINT('',(-2.960594732334E-16,3.026543175439E-16,4.));
#1673 = DIRECTION('',(0.,0.,1.));
#1674 = DIRECTION('',(1.,0.,-0.));
#1675 = DEFINITIONAL_REPRESENTATION('',(#1676),#1680);
#1676 = LINE('',#1677,#1678);
#1677 = CARTESIAN_POINT('',(5.,-3.026543175439E-16));
#1678 = VECTOR('',#1679,1.);
#1679 = DIRECTION('',(-0.5,0.866025403784));
#1680 = ( GEOMETRIC_REPRESENTATION_CONTEXT(2) 
PARAMETRIC_REPRESENTATION_CONTEXT() REPRESENTATION_CONTEXT('2D SPACE',''
  ) );
#1681 = ORIENTED_EDGE('',*,*,#1682,.F.);
#1682 = EDGE_CURVE('',#1683,#1655,#1685,.T.);
#1683 = VERTEX_POINT('',#1684);
#1684 = CARTESIAN_POINT('',(2.5,4.330127018922,0.));
#1685 = SURFACE_CURVE('',#1686,(#1690,#1697),.PCURVE_S1.);
#1686 = LINE('',#1687,#1688);
#1687 = CARTESIAN_POINT('',(2.5,4.330127018922,0.));
#1688 = VECTOR('',#1689,1.);
#1689 = DIRECTION('',(0.,0.,1.));
#1690 = PCURVE('',#1630,#1691);
#1691 = DEFINITIONAL_REPRESENTATION('',(#1692),#1696);
#1692 = LINE('',#1693,#1694);
#1693 = CARTESIAN_POINT('',(5.,0.));
#1694 = VECTOR('',#1695,1.);
#1695 = DIRECTION('',(0.,-1.));
#1696 = ( GEOMETRIC_REPRESENTATION_CONTEXT(2) 
PARAMETRIC_REPRESENTATION_CONTEXT() REPRESENTATION_CONTEXT('2D SPACE',''
  ) );
#1697 = PCURVE('',#1698,#1703);
#1698 = PLANE('',#1699);
#1699 = AXIS2_PLACEMENT_3D('',#1700,#1701,#1702);
#1700 = CARTESIAN_POINT('',(2.5,4.330127018922,0.));
#1701 = DIRECTION('',(-1.7763568394E-16,-1.,0.));
#1702 = DIRECTION('',(-1.,1.7763568394E-16,0.));
#1703 = DEFINITIONAL_REPRESENTATION('',(#1704),#1708);
#1704 = LINE('',#1705,#1706);
#1705 = CARTESIAN_POINT('',(0.,0.));
#1706 = VECTOR('',#1707,1.);
#1707 = DIRECTION('',(0.,-1.));
#1708 = ( GEOMETRIC_REPRESENTATION_CONTEXT(2) 
PARAMETRIC_REPRESENTATION_CONTEXT() REPRESENTATION_CONTEXT('2D SPACE',''
  ) );
#1709 = ORIENTED_EDGE('',*,*,#1710,.F.);
#1710 = EDGE_CURVE('',#1620,#1683,#1711,.T.);
#1711 = SURFACE_CURVE('',#1712,(#1716,#1723),.PCURVE_S1.);
#1712 = LINE('',#1713,#1714);
#1713 = CARTESIAN_POINT('',(5.,0.,0.));
#1714 = VECTOR('',#1715,1.);
#1715 = DIRECTION('',(-0.5,0.866025403784,0.));
#1716 = PCURVE('',#1630,#1717);
#1717 = DEFINITIONAL_REPRESENTATION('',(#1718),#1722);
#1718 = LINE('',#1719,#1720);
#1719 = CARTESIAN_POINT('',(0.,0.));
#1720 = VECTOR('',#1721,1.);
#1721 = DIRECTION('',(1.,0.));
#1722 = ( GEOMETRIC_REPRESENTATION_CONTEXT(2) 
PARAMETRIC_REPRESENTATION_CONTEXT() REPRESENTATION_CONTEXT('2D SPACE',''
  ) );
#1723 = PCURVE('',#1724,#1729);
#1724 = PLANE('',#1725);
#1725 = AXIS2_PLACEMENT_3D('',#1726,#1727,#1728);
#1726 = CARTESIAN_POINT('',(-2.960594732334E-16,3.026543175439E-16,0.));
#1727 = DIRECTION('',(0.,0.,1.));
#1728 = DIRECTION('',(1.,0.,-0.));
#1729 = DEFINITIONAL_REPRESENTATION('',(#1730),#1734);
#1730 = LINE('',#1731,#1732);
#1731 = CARTESIAN_POINT('',(5.,-3.026543175439E-16));
#1732 = VECTOR('',#1733,1.);
#1733 = DIRECTION('',(-0.5,0.866025403784));
#1734 = ( GEOMETRIC_REPRESENTATION_CONTEXT(2) 
PARAMETRIC_REPRESENTATION_CONTEXT() REPRESENTATION_CONTEXT('2D SPACE',''
  ) );
#1735 = ADVANCED_FACE('',(#1736),#1642,.F.);
#1736 = FACE_BOUND('',#1737,.F.);
#1737 = EDGE_LOOP('',(#1738,#1768,#1789,#1790));
#1738 = ORIENTED_EDGE('',*,*,#1739,.T.);
#1739 = EDGE_CURVE('',#1740,#1742,#1744,.T.);
#1740 = VERTEX_POINT('',#1741);
#1741 = CARTESIAN_POINT('',(2.5,-4.330127018922,0.));
#1742 = VERTEX_POINT('',#1743);
#1743 = CARTESIAN_POINT('',(2.5,-4.330127018922,4.));
#1744 = SURFACE_CURVE('',#1745,(#1749,#1756),.PCURVE_S1.);
#1745 = LINE('',#1746,#1747);
#1746 = CARTESIAN_POINT('',(2.5,-4.330127018922,0.));
#1747 = VECTOR('',#1748,1.);
#1748 = DIRECTION('',(0.,0.,1.));
#1749 = PCURVE('',#1642,#1750);
#1750 = DEFINITIONAL_REPRESENTATION('',(#1751),#1755);
#1751 = LINE('',#1752,#1753);
#1752 = CARTESIAN_POINT('',(0.,0.));
#1753 = VECTOR('',#1754,1.);
#1754 = DIRECTION('',(0.,-1.));
#1755 = ( GEOMETRIC_REPRESENTATION_CONTEXT(2) 
PARAMETRIC_REPRESENTATION_CONTEXT() REPRESENTATION_CONTEXT('2D SPACE',''
  ) );
#1756 = PCURVE('',#1757,#1762);
#1757 = PLANE('',#1758);
#1758 = AXIS2_PLACEMENT_3D('',#1759,#1760,#1761);
#1759 = CARTESIAN_POINT('',(-2.5,-4.330127018922,0.));
#1760 = DIRECTION('',(7.105427357601E-16,1.,-0.));
#1761 = DIRECTION('',(1.,-7.105427357601E-16,0.));
#1762 = DEFINITIONAL_REPRESENTATION('',(#1763),#1767);
#1763 = LINE('',#1764,#1765);
#1764 = CARTESIAN_POINT('',(5.,0.));
#1765 = VECTOR('',#1766,1.);
#1766 = DIRECTION('',(0.,-1.));
#1767 = ( GEOMETRIC_REPRESENTATION_CONTEXT(2) 
PARAMETRIC_REPRESENTATION_CONTEXT() REPRESENTATION_CONTEXT('2D SPACE',''
  ) );
#1768 = ORIENTED_EDGE('',*,*,#1769,.T.);
#1769 = EDGE_CURVE('',#1742,#1622,#1770,.T.);
#1770 = SURFACE_CURVE('',#1771,(#1775,#1782),.PCURVE_S1.);
#1771 = LINE('',#1772,#1773);
#1772 = CARTESIAN_POINT('',(2.5,-4.330127018922,4.));
#1773 = VECTOR('',#1774,1.);
#1774 = DIRECTION('',(0.5,0.866025403784,0.));
#1775 = PCURVE('',#1642,#1776);
#1776 = DEFINITIONAL_REPRESENTATION('',(#1777),#1781);
#1777 = LINE('',#1778,#1779);
#1778 = CARTESIAN_POINT('',(0.,-4.));
#1779 = VECTOR('',#1780,1.);
#1780 = DIRECTION('',(1.,0.));
#1781 = ( GEOMETRIC_REPRESENTATION_CONTEXT(2) 
PARAMETRIC_REPRESENTATION_CONTEXT() REPRESENTATION_CONTEXT('2D SPACE',''
  ) );
#1782 = PCURVE('',#1670,#1783);
#1783 = DEFINITIONAL_REPRESENTATION('',(#1784),#1788);
#1784 = LINE('',#1785,#1786);
#1785 = CARTESIAN_POINT('',(2.5,-4.330127018922));
#1786 = VECTOR('',#1787,1.);
#1787 = DIRECTION('',(0.5,0.866025403784));
#1788 = ( GEOMETRIC_REPRESENTATION_CONTEXT(2) 
PARAMETRIC_REPRESENTATION_CONTEXT() REPRESENTATION_CONTEXT('2D SPACE',''
  ) );
#1789 = ORIENTED_EDGE('',*,*,#1619,.F.);
#1790 = ORIENTED_EDGE('',*,*,#1791,.F.);
#1791 = EDGE_CURVE('',#1740,#1620,#1792,.T.);
#1792 = SURFACE_CURVE('',#1793,(#1797,#1804),.PCURVE_S1.);
#1793 = LINE('',#1794,#1795);
#1794 = CARTESIAN_POINT('',(2.5,-4.330127018922,0.));
#1795 = VECTOR('',#1796,1.);
#1796 = DIRECTION('',(0.5,0.866025403784,0.));
#1797 = PCURVE('',#1642,#1798);
#1798 = DEFINITIONAL_REPRESENTATION('',(#1799),#1803);
#1799 = LINE('',#1800,#1801);
#1800 = CARTESIAN_POINT('',(0.,0.));
#1801 = VECTOR('',#1802,1.);
#1802 = DIRECTION('',(1.,0.));
#1803 = ( GEOMETRIC_REPRESENTATION_CONTEXT(2) 
PARAMETRIC_REPRESENTATION_CONTEXT() REPRESENTATION_CONTEXT('2D SPACE',''
  ) );
#1804 = PCURVE('',#1724,#1805);
#1805 = DEFINITIONAL_REPRESENTATION('',(#1806),#1810);
#1806 = LINE('',#1807,#1808);
#1807 = CARTESIAN_POINT('',(2.5,-4.330127018922));
#1808 = VECTOR('',#1809,1.);
#1809 = DIRECTION('',(0.5,0.866025403784));
#1810 = ( GEOMETRIC_REPRESENTATION_CONTEXT(2) 
PARAMETRIC_REPRESENTATION_CONTEXT() REPRESENTATION_CONTEXT('2D SPACE',''
  ) );
#1811 = ADVANCED_FACE('',(#1812),#1698,.F.);
#1812 = FACE_BOUND('',#1813,.F.);
#1813 = EDGE_LOOP('',(#1814,#1815,#1838,#1866));
#1814 = ORIENTED_EDGE('',*,*,#1682,.T.);
#1815 = ORIENTED_EDGE('',*,*,#1816,.T.);
#1816 = EDGE_CURVE('',#1655,#1817,#1819,.T.);
#1817 = VERTEX_POINT('',#1818);
#1818 = CARTESIAN_POINT('',(-2.5,4.330127018922,4.));
#1819 = SURFACE_CURVE('',#1820,(#1824,#1831),.PCURVE_S1.);
#1820 = LINE('',#1821,#1822);
#1821 = CARTESIAN_POINT('',(2.5,4.330127018922,4.));
#1822 = VECTOR('',#1823,1.);
#1823 = DIRECTION('',(-1.,1.7763568394E-16,0.));
#1824 = PCURVE('',#1698,#1825);
#1825 = DEFINITIONAL_REPRESENTATION('',(#1826),#1830);
#1826 = LINE('',#1827,#1828);
#1827 = CARTESIAN_POINT('',(0.,-4.));
#1828 = VECTOR('',#1829,1.);
#1829 = DIRECTION('',(1.,0.));
#1830 = ( GEOMETRIC_REPRESENTATION_CONTEXT(2) 
PARAMETRIC_REPRESENTATION_CONTEXT() REPRESENTATION_CONTEXT('2D SPACE',''
  ) );
#1831 = PCURVE('',#1670,#1832);
#1832 = DEFINITIONAL_REPRESENTATION('',(#1833),#1837);
#1833 = LINE('',#1834,#1835);
#1834 = CARTESIAN_POINT('',(2.5,4.330127018922));
#1835 = VECTOR('',#1836,1.);
#1836 = DIRECTION('',(-1.,1.7763568394E-16));
#1837 = ( GEOMETRIC_REPRESENTATION_CONTEXT(2) 
PARAMETRIC_REPRESENTATION_CONTEXT() REPRESENTATION_CONTEXT('2D SPACE',''
  ) );
#1838 = ORIENTED_EDGE('',*,*,#1839,.F.);
#1839 = EDGE_CURVE('',#1840,#1817,#1842,.T.);
#1840 = VERTEX_POINT('',#1841);
#1841 = CARTESIAN_POINT('',(-2.5,4.330127018922,0.));
#1842 = SURFACE_CURVE('',#1843,(#1847,#1854),.PCURVE_S1.);
#1843 = LINE('',#1844,#1845);
#1844 = CARTESIAN_POINT('',(-2.5,4.330127018922,0.));
#1845 = VECTOR('',#1846,1.);
#1846 = DIRECTION('',(0.,0.,1.));
#1847 = PCURVE('',#1698,#1848);
#1848 = DEFINITIONAL_REPRESENTATION('',(#1849),#1853);
#1849 = LINE('',#1850,#1851);
#1850 = CARTESIAN_POINT('',(5.,0.));
#1851 = VECTOR('',#1852,1.);
#1852 = DIRECTION('',(0.,-1.));
#1853 = ( GEOMETRIC_REPRESENTATION_CONTEXT(2) 
PARAMETRIC_REPRESENTATION_CONTEXT() REPRESENTATION_CONTEXT('2D SPACE',''
  ) );
#1854 = PCURVE('',#1855,#1860);
#1855 = PLANE('',#1856);
#1856 = AXIS2_PLACEMENT_3D('',#1857,#1858,#1859);
#1857 = CARTESIAN_POINT('',(-2.5,4.330127018922,0.));
#1858 = DIRECTION('',(0.866025403784,-0.5,0.));
#1859 = DIRECTION('',(-0.5,-0.866025403784,0.));
#1860 = DEFINITIONAL_REPRESENTATION('',(#1861),#1865);
#1861 = LINE('',#1862,#1863);
#1862 = CARTESIAN_POINT('',(0.,0.));
#1863 = VECTOR('',#1864,1.);
#1864 = DIRECTION('',(0.,-1.));
#1865 = ( GEOMETRIC_REPRESENTATION_CONTEXT(2) 
PARAMETRIC_REPRESENTATION_CONTEXT() REPRESENTATION_CONTEXT('2D SPACE',''
  ) );
#1866 = ORIENTED_EDGE('',*,*,#1867,.F.);
#1867 = EDGE_CURVE('',#1683,#1840,#1868,.T.);
#1868 = SURFACE_CURVE('',#1869,(#1873,#1880),.PCURVE_S1.);
#1869 = LINE('',#1870,#1871);
#1870 = CARTESIAN_POINT('',(2.5,4.330127018922,0.));
#1871 = VECTOR('',#1872,1.);
#1872 = DIRECTION('',(-1.,1.7763568394E-16,0.));
#1873 = PCURVE('',#1698,#1874);
#1874 = DEFINITIONAL_REPRESENTATION('',(#1875),#1879);
#1875 = LINE('',#1876,#1877);
#1876 = CARTESIAN_POINT('',(0.,0.));
#1877 = VECTOR('',#1878,1.);
#1878 = DIRECTION('',(1.,0.));
#1879 = ( GEOMETRIC_REPRESENTATION_CONTEXT(2) 
PARAMETRIC_REPRESENTATION_CONTEXT() REPRESENTATION_CONTEXT('2D SPACE',''
  ) );
#1880 = PCURVE('',#1724,#1881);
#1881 = DEFINITIONAL_REPRESENTATION('',(#1882),#1886);
#1882 = LINE('',#1883,#1884);
#1883 = CARTESIAN_POINT('',(2.5,4.330127018922));
#1884 = VECTOR('',#1885,1.);
#1885 = DIRECTION('',(-1.,1.7763568394E-16));
#1886 = ( GEOMETRIC_REPRESENTATION_CONTEXT(2) 
PARAMETRIC_REPRESENTATION_CONTEXT() REPRESENTATION_CONTEXT('2D SPACE',''
  ) );
#1887 = ADVANCED_FACE('',(#1888,#1965),#1724,.F.);
#1888 = FACE_BOUND('',#1889,.F.);
#1889 = EDGE_LOOP('',(#1890,#1891,#1892,#1915,#1943,#1964));
#1890 = ORIENTED_EDGE('',*,*,#1710,.T.);
#1891 = ORIENTED_EDGE('',*,*,#1867,.T.);
#1892 = ORIENTED_EDGE('',*,*,#1893,.T.);
#1893 = EDGE_CURVE('',#1840,#1894,#1896,.T.);
#1894 = VERTEX_POINT('',#1895);
#1895 = CARTESIAN_POINT('',(-5.,6.123233995737E-16,0.));
#1896 = SURFACE_CURVE('',#1897,(#1901,#1908),.PCURVE_S1.);
#1897 = LINE('',#1898,#1899);
#1898 = CARTESIAN_POINT('',(-2.5,4.330127018922,0.));
#1899 = VECTOR('',#1900,1.);
#1900 = DIRECTION('',(-0.5,-0.866025403784,0.));
#1901 = PCURVE('',#1724,#1902);
#1902 = DEFINITIONAL_REPRESENTATION('',(#1903),#1907);
#1903 = LINE('',#1904,#1905);
#1904 = CARTESIAN_POINT('',(-2.5,4.330127018922));
#1905 = VECTOR('',#1906,1.);
#1906 = DIRECTION('',(-0.5,-0.866025403784));
#1907 = ( GEOMETRIC_REPRESENTATION_CONTEXT(2) 
PARAMETRIC_REPRESENTATION_CONTEXT() REPRESENTATION_CONTEXT('2D SPACE',''
  ) );
#1908 = PCURVE('',#1855,#1909);
#1909 = DEFINITIONAL_REPRESENTATION('',(#1910),#1914);
#1910 = LINE('',#1911,#1912);
#1911 = CARTESIAN_POINT('',(0.,0.));
#1912 = VECTOR('',#1913,1.);
#1913 = DIRECTION('',(1.,0.));
#1914 = ( GEOMETRIC_REPRESENTATION_CONTEXT(2) 
PARAMETRIC_REPRESENTATION_CONTEXT() REPRESENTATION_CONTEXT('2D SPACE',''
  ) );
#1915 = ORIENTED_EDGE('',*,*,#1916,.T.);
#1916 = EDGE_CURVE('',#1894,#1917,#1919,.T.);
#1917 = VERTEX_POINT('',#1918);
#1918 = CARTESIAN_POINT('',(-2.5,-4.330127018922,0.));
#1919 = SURFACE_CURVE('',#1920,(#1924,#1931),.PCURVE_S1.);
#1920 = LINE('',#1921,#1922);
#1921 = CARTESIAN_POINT('',(-5.,6.123233995737E-16,0.));
#1922 = VECTOR('',#1923,1.);
#1923 = DIRECTION('',(0.5,-0.866025403784,0.));
#1924 = PCURVE('',#1724,#1925);
#1925 = DEFINITIONAL_REPRESENTATION('',(#1926),#1930);
#1926 = LINE('',#1927,#1928);
#1927 = CARTESIAN_POINT('',(-5.,3.096690820298E-16));
#1928 = VECTOR('',#1929,1.);
#1929 = DIRECTION('',(0.5,-0.866025403784));
#1930 = ( GEOMETRIC_REPRESENTATION_CONTEXT(2) 
PARAMETRIC_REPRESENTATION_CONTEXT() REPRESENTATION_CONTEXT('2D SPACE',''
  ) );
#1931 = PCURVE('',#1932,#1937);
#1932 = PLANE('',#1933);
#1933 = AXIS2_PLACEMENT_3D('',#1934,#1935,#1936);
#1934 = CARTESIAN_POINT('',(-5.,6.123233995737E-16,0.));
#1935 = DIRECTION('',(0.866025403784,0.5,-0.));
#1936 = DIRECTION('',(0.5,-0.866025403784,0.));
#1937 = DEFINITIONAL_REPRESENTATION('',(#1938),#1942);
#1938 = LINE('',#1939,#1940);
#1939 = CARTESIAN_POINT('',(0.,0.));
#1940 = VECTOR('',#1941,1.);
#1941 = DIRECTION('',(1.,0.));
#1942 = ( GEOMETRIC_REPRESENTATION_CONTEXT(2) 
PARAMETRIC_REPRESENTATION_CONTEXT() REPRESENTATION_CONTEXT('2D SPACE',''
  ) );
#1943 = ORIENTED_EDGE('',*,*,#1944,.T.);
#1944 = EDGE_CURVE('',#1917,#1740,#1945,.T.);
#1945 = SURFACE_CURVE('',#1946,(#1950,#1957),.PCURVE_S1.);
#1946 = LINE('',#1947,#1948);
#1947 = CARTESIAN_POINT('',(-2.5,-4.330127018922,0.));
#1948 = VECTOR('',#1949,1.);
#1949 = DIRECTION('',(1.,-7.105427357601E-16,0.));
#1950 = PCURVE('',#1724,#1951);
#1951 = DEFINITIONAL_REPRESENTATION('',(#1952),#1956);
#1952 = LINE('',#1953,#1954);
#1953 = CARTESIAN_POINT('',(-2.5,-4.330127018922));
#1954 = VECTOR('',#1955,1.);
#1955 = DIRECTION('',(1.,-7.105427357601E-16));
#1956 = ( GEOMETRIC_REPRESENTATION_CONTEXT(2) 
PARAMETRIC_REPRESENTATION_CONTEXT() REPRESENTATION_CONTEXT('2D SPACE',''
  ) );
#1957 = PCURVE('',#1757,#1958);
#1958 = DEFINITIONAL_REPRESENTATION('',(#1959),#1963);
#1959 = LINE('',#1960,#1961);
#1960 = CARTESIAN_POINT('',(0.,0.));
#1961 = VECTOR('',#1962,1.);
#1962 = DIRECTION('',(1.,0.));
#1963 = ( GEOMETRIC_REPRESENTATION_CONTEXT(2) 
PARAMETRIC_REPRESENTATION_CONTEXT() REPRESENTATION_CONTEXT('2D SPACE',''
  ) );
#1964 = ORIENTED_EDGE('',*,*,#1791,.T.);
#1965 = FACE_BOUND('',#1966,.F.);
#1966 = EDGE_LOOP('',(#1967));
#1967 = ORIENTED_EDGE('',*,*,#1968,.F.);
#1968 = EDGE_CURVE('',#1969,#1969,#1971,.T.);
#1969 = VERTEX_POINT('',#1970);
#1970 = CARTESIAN_POINT('',(3.,0.,0.));
#1971 = SURFACE_CURVE('',#1972,(#1977,#1984),.PCURVE_S1.);
#1972 = CIRCLE('',#1973,3.);
#1973 = AXIS2_PLACEMENT_3D('',#1974,#1975,#1976);
#1974 = CARTESIAN_POINT('',(0.,0.,0.));
#1975 = DIRECTION('',(0.,0.,1.));
#1976 = DIRECTION('',(1.,0.,0.));
#1977 = PCURVE('',#1724,#1978);
#1978 = DEFINITIONAL_REPRESENTATION('',(#1979),#1983);
#1979 = CIRCLE('',#1980,3.);
#1980 = AXIS2_PLACEMENT_2D('',#1981,#1982);
#1981 = CARTESIAN_POINT('',(2.960594732334E-16,-3.026543175439E-16));
#1982 = DIRECTION('',(1.,0.));
#1983 = ( GEOMETRIC_REPRESENTATION_CONTEXT(2) 
PARAMETRIC_REPRESENTATION_CONTEXT() REPRESENTATION_CONTEXT('2D SPACE',''
  ) );
#1984 = PCURVE('',#1985,#1990);
#1985 = CYLINDRICAL_SURFACE('',#1986,3.);
#1986 = AXIS2_PLACEMENT_3D('',#1987,#1988,#1989);
#1987 = CARTESIAN_POINT('',(0.,0.,-12.));
#1988 = DIRECTION('',(-0.,-0.,-1.));
#1989 = DIRECTION('',(1.,0.,0.));
#1990 = DEFINITIONAL_REPRESENTATION('',(#1991),#1995);
#1991 = LINE('',#1992,#1993);
#1992 = CARTESIAN_POINT('',(-0.,-12.));
#1993 = VECTOR('',#1994,1.);
#1994 = DIRECTION('',(-1.,0.));
#1995 = ( GEOMETRIC_REPRESENTATION_CONTEXT(2) 
PARAMETRIC_REPRESENTATION_CONTEXT() REPRESENTATION_CONTEXT('2D SPACE',''
  ) );
#1996 = ADVANCED_FACE('',(#1997),#1670,.T.);
#1997 = FACE_BOUND('',#1998,.T.);
#1998 = EDGE_LOOP('',(#1999,#2000,#2001,#2024,#2047,#2068));
#1999 = ORIENTED_EDGE('',*,*,#1654,.T.);
#2000 = ORIENTED_EDGE('',*,*,#1816,.T.);
#2001 = ORIENTED_EDGE('',*,*,#2002,.T.);
#2002 = EDGE_CURVE('',#1817,#2003,#2005,.T.);
#2003 = VERTEX_POINT('',#2004);
#2004 = CARTESIAN_POINT('',(-5.,6.123233995737E-16,4.));
#2005 = SURFACE_CURVE('',#2006,(#2010,#2017),.PCURVE_S1.);
#2006 = LINE('',#2007,#2008);
#2007 = CARTESIAN_POINT('',(-2.5,4.330127018922,4.));
#2008 = VECTOR('',#2009,1.);
#2009 = DIRECTION('',(-0.5,-0.866025403784,0.));
#2010 = PCURVE('',#1670,#2011);
#2011 = DEFINITIONAL_REPRESENTATION('',(#2012),#2016);
#2012 = LINE('',#2013,#2014);
#2013 = CARTESIAN_POINT('',(-2.5,4.330127018922));
#2014 = VECTOR('',#2015,1.);
#2015 = DIRECTION('',(-0.5,-0.866025403784));
#2016 = ( GEOMETRIC_REPRESENTATION_CONTEXT(2) 
PARAMETRIC_REPRESENTATION_CONTEXT() REPRESENTATION_CONTEXT('2D SPACE',''
  ) );
#2017 = PCURVE('',#1855,#2018);
#2018 = DEFINITIONAL_REPRESENTATION('',(#2019),#2023);
#2019 = LINE('',#2020,#2021);
#2020 = CARTESIAN_POINT('',(0.,-4.));
#2021 = VECTOR('',#2022,1.);
#2022 = DIRECTION('',(1.,0.));
#2023 = ( GEOMETRIC_REPRESENTATION_CONTEXT(2) 
PARAMETRIC_REPRESENTATION_CONTEXT() REPRESENTATION_CONTEXT('2D SPACE',''
  ) );
#2024 = ORIENTED_EDGE('',*,*,#2025,.T.);
#2025 = EDGE_CURVE('',#2003,#2026,#2028,.T.);
#2026 = VERTEX_POINT('',#2027);
#2027 = CARTESIAN_POINT('',(-2.5,-4.330127018922,4.));
#2028 = SURFACE_CURVE('',#2029,(#2033,#2040),.PCURVE_S1.);
#2029 = LINE('',#2030,#2031);
#2030 = CARTESIAN_POINT('',(-5.,6.123233995737E-16,4.));
#2031 = VECTOR('',#2032,1.);
#2032 = DIRECTION('',(0.5,-0.866025403784,0.));
#2033 = PCURVE('',#1670,#2034);
#2034 = DEFINITIONAL_REPRESENTATION('',(#2035),#2039);
#2035 = LINE('',#2036,#2037);
#2036 = CARTESIAN_POINT('',(-5.,3.096690820298E-16));
#2037 = VECTOR('',#2038,1.);
#2038 = DIRECTION('',(0.5,-0.866025403784));
#2039 = ( GEOMETRIC_REPRESENTATION_CONTEXT(2) 
PARAMETRIC_REPRESENTATION_CONTEXT() REPRESENTATION_CONTEXT('2D SPACE',''
  ) );
#2040 = PCURVE('',#1932,#2041);
#2041 = DEFINITIONAL_REPRESENTATION('',(#2042),#2046);
#2042 = LINE('',#2043,#2044);
#2043 = CARTESIAN_POINT('',(0.,-4.));
#2044 = VECTOR('',#2045,1.);
#2045 = DIRECTION('',(1.,0.));
#2046 = ( GEOMETRIC_REPRESENTATION_CONTEXT(2) 
PARAMETRIC_REPRESENTATION_CONTEXT() REPRESENTATION_CONTEXT('2D SPACE',''
  ) );
#2047 = ORIENTED_EDGE('',*,*,#2048,.T.);
#2048 = EDGE_CURVE('',#2026,#1742,#2049,.T.);
#2049 = SURFACE_CURVE('',#2050,(#2054,#2061),.PCURVE_S1.);
#2050 = LINE('',#2051,#2052);
#2051 = CARTESIAN_POINT('',(-2.5,-4.330127018922,4.));
#2052 = VECTOR('',#2053,1.);
#2053 = DIRECTION('',(1.,-7.105427357601E-16,0.));
#2054 = PCURVE('',#1670,#2055);
#2055 = DEFINITIONAL_REPRESENTATION('',(#2056),#2060);
#2056 = LINE('',#2057,#2058);
#2057 = CARTESIAN_POINT('',(-2.5,-4.330127018922));
#2058 = VECTOR('',#2059,1.);
#2059 = DIRECTION('',(1.,-7.105427357601E-16));
#2060 = ( GEOMETRIC_REPRESENTATION_CONTEXT(2) 
PARAMETRIC_REPRESENTATION_CONTEXT() REPRESENTATION_CONTEXT('2D SPACE',''
  ) );
#2061 = PCURVE('',#1757,#2062);
#2062 = DEFINITIONAL_REPRESENTATION('',(#2063),#2067);
#2063 = LINE('',#2064,#2065);
#2064 = CARTESIAN_POINT('',(0.,-4.));
#2065 = VECTOR('',#2066,1.);
#2066 = DIRECTION('',(1.,0.));
#2067 = ( GEOMETRIC_REPRESENTATION_CONTEXT(2) 
PARAMETRIC_REPRESENTATION_CONTEXT() REPRESENTATION_CONTEXT('2D SPACE',''
  ) );
#2068 = ORIENTED_EDGE('',*,*,#1769,.T.);
#2069 = ADVANCED_FACE('',(#2070),#1757,.F.);
#2070 = FACE_BOUND('',#2071,.F.);
#2071 = EDGE_LOOP('',(#2072,#2093,#2094,#2095));
#2072 = ORIENTED_EDGE('',*,*,#2073,.T.);
#2073 = EDGE_CURVE('',#1917,#2026,#2074,.T.);
#2074 = SURFACE_CURVE('',#2075,(#2079,#2086),.PCURVE_S1.);
#2075 = LINE('',#2076,#2077);
#2076 = CARTESIAN_POINT('',(-2.5,-4.330127018922,0.));
#2077 = VECTOR('',#2078,1.);
#2078 = DIRECTION('',(0.,0.,1.));
#2079 = PCURVE('',#1757,#2080);
#2080 = DEFINITIONAL_REPRESENTATION('',(#2081),#2085);
#2081 = LINE('',#2082,#2083);
#2082 = CARTESIAN_POINT('',(0.,0.));
#2083 = VECTOR('',#2084,1.);
#2084 = DIRECTION('',(0.,-1.));
#2085 = ( GEOMETRIC_REPRESENTATION_CONTEXT(2) 
PARAMETRIC_REPRESENTATION_CONTEXT() REPRESENTATION_CONTEXT('2D SPACE',''
  ) );
#2086 = PCURVE('',#1932,#2087);
#2087 = DEFINITIONAL_REPRESENTATION('',(#2088),#2092);
#2088 = LINE('',#2089,#2090);
#2089 = CARTESIAN_POINT('',(5.,0.));
#2090 = VECTOR('',#2091,1.);
#2091 = DIRECTION('',(0.,-1.));
#2092 = ( GEOMETRIC_REPRESENTATION_CONTEXT(2) 
PARAMETRIC_REPRESENTATION_CONTEXT() REPRESENTATION_CONTEXT('2D SPACE',''
  ) );
#2093 = ORIENTED_EDGE('',*,*,#2048,.T.);
#2094 = ORIENTED_EDGE('',*,*,#1739,.F.);
#2095 = ORIENTED_EDGE('',*,*,#1944,.F.);
#2096 = ADVANCED_FACE('',(#2097),#1855,.F.);
#2097 = FACE_BOUND('',#2098,.F.);
#2098 = EDGE_LOOP('',(#2099,#2100,#2101,#2122));
#2099 = ORIENTED_EDGE('',*,*,#1839,.T.);
#2100 = ORIENTED_EDGE('',*,*,#2002,.T.);
#2101 = ORIENTED_EDGE('',*,*,#2102,.F.);
#2102 = EDGE_CURVE('',#1894,#2003,#2103,.T.);
#2103 = SURFACE_CURVE('',#2104,(#2108,#2115),.PCURVE_S1.);
#2104 = LINE('',#2105,#2106);
#2105 = CARTESIAN_POINT('',(-5.,6.123233995737E-16,0.));
#2106 = VECTOR('',#2107,1.);
#2107 = DIRECTION('',(0.,0.,1.));
#2108 = PCURVE('',#1855,#2109);
#2109 = DEFINITIONAL_REPRESENTATION('',(#2110),#2114);
#2110 = LINE('',#2111,#2112);
#2111 = CARTESIAN_POINT('',(5.,0.));
#2112 = VECTOR('',#2113,1.);
#2113 = DIRECTION('',(0.,-1.));
#2114 = ( GEOMETRIC_REPRESENTATION_CONTEXT(2) 
PARAMETRIC_REPRESENTATION_CONTEXT() REPRESENTATION_CONTEXT('2D SPACE',''
  ) );
#2115 = PCURVE('',#1932,#2116);
#2116 = DEFINITIONAL_REPRESENTATION('',(#2117),#2121);
#2117 = LINE('',#2118,#2119);
#2118 = CARTESIAN_POINT('',(0.,0.));
#2119 = VECTOR('',#2120,1.);
#2120 = DIRECTION('',(0.,-1.));
#2121 = ( GEOMETRIC_REPRESENTATION_CONTEXT(2) 
PARAMETRIC_REPRESENTATION_CONTEXT() REPRESENTATION_CONTEXT('2D SPACE',''
  ) );
#2122 = ORIENTED_EDGE('',*,*,#1893,.F.);
#2123 = ADVANCED_FACE('',(#2124),#1932,.F.);
#2124 = FACE_BOUND('',#2125,.F.);
#2125 = EDGE_LOOP('',(#2126,#2127,#2128,#2129));
#2126 = ORIENTED_EDGE('',*,*,#2102,.T.);
#2127 = ORIENTED_EDGE('',*,*,#2025,.T.);
#2128 = ORIENTED_EDGE('',*,*,#2073,.F.);
#2129 = ORIENTED_EDGE('',*,*,#1916,.F.);
#2130 = ADVANCED_FACE('',(#2131),#1985,.T.);
#2131 = FACE_BOUND('',#2132,.F.);
#2132 = EDGE_LOOP('',(#2133,#2156,#2157,#2158));
#2133 = ORIENTED_EDGE('',*,*,#2134,.T.);
#2134 = EDGE_CURVE('',#2135,#1969,#2137,.T.);
#2135 = VERTEX_POINT('',#2136);
#2136 = CARTESIAN_POINT('',(3.,0.,-12.));
#2137 = SEAM_CURVE('',#2138,(#2142,#2149),.PCURVE_S1.);
#2138 = LINE('',#2139,#2140);
#2139 = CARTESIAN_POINT('',(3.,0.,-12.));
#2140 = VECTOR('',#2141,1.);
#2141 = DIRECTION('',(0.,0.,1.));
#2142 = PCURVE('',#1985,#2143);
#2143 = DEFINITIONAL_REPRESENTATION('',(#2144),#2148);
#2144 = LINE('',#2145,#2146);
#2145 = CARTESIAN_POINT('',(-0.,0.));
#2146 = VECTOR('',#2147,1.);
#2147 = DIRECTION('',(-0.,-1.));
#2148 = ( GEOMETRIC_REPRESENTATION_CONTEXT(2) 
PARAMETRIC_REPRESENTATION_CONTEXT() REPRESENTATION_CONTEXT('2D SPACE',''
  ) );
#2149 = PCURVE('',#1985,#2150);
#2150 = DEFINITIONAL_REPRESENTATION('',(#2151),#2155);
#2151 = LINE('',#2152,#2153);
#2152 = CARTESIAN_POINT('',(-6.28318530718,0.));
#2153 = VECTOR('',#2154,1.);
#2154 = DIRECTION('',(-0.,-1.));
#2155 = ( GEOMETRIC_REPRESENTATION_CONTEXT(2) 
PARAMETRIC_REPRESENTATION_CONTEXT() REPRESENTATION_CONTEXT('2D SPACE',''
  ) );
#2156 = ORIENTED_EDGE('',*,*,#1968,.T.);
#2157 = ORIENTED_EDGE('',*,*,#2134,.F.);
#2158 = ORIENTED_EDGE('',*,*,#2159,.F.);
#2159 = EDGE_CURVE('',#2135,#2135,#2160,.T.);
#2160 = SURFACE_CURVE('',#2161,(#2166,#2173),.PCURVE_S1.);
#2161 = CIRCLE('',#2162,3.);
#2162 = AXIS2_PLACEMENT_3D('',#2163,#2164,#2165);
#2163 = CARTESIAN_POINT('',(0.,0.,-12.));
#2164 = DIRECTION('',(0.,0.,1.));
#2165 = DIRECTION('',(1.,0.,0.));
#2166 = PCURVE('',#1985,#2167);
#2167 = DEFINITIONAL_REPRESENTATION('',(#2168),#2172);
#2168 = LINE('',#2169,#2170);
#2169 = CARTESIAN_POINT('',(-0.,0.));
#2170 = VECTOR('',#2171,1.);
#2171 = DIRECTION('',(-1.,0.));
#2172 = ( GEOMETRIC_REPRESENTATION_CONTEXT(2) 
PARAMETRIC_REPRESENTATION_CONTEXT() REPRESENTATION_CONTEXT('2D SPACE',''
  ) );
#2173 = PCURVE('',#2174,#2179);
#2174 = PLANE('',#2175);
#2175 = AXIS2_PLACEMENT_3D('',#2176,#2177,#2178);
#2176 = CARTESIAN_POINT('',(-1.709300165674E-16,1.054420088418E-16,-12.)
  );
#2177 = DIRECTION('',(0.,0.,1.));
#2178 = DIRECTION('',(1.,0.,-0.));
#2179 = DEFINITIONAL_REPRESENTATION('',(#2180),#2184);
#2180 = CIRCLE('',#2181,3.);
#2181 = AXIS2_PLACEMENT_2D('',#2182,#2183);
#2182 = CARTESIAN_POINT('',(1.709300165674E-16,-1.054420088418E-16));
#2183 = DIRECTION('',(1.,0.));
#2184 = ( GEOMETRIC_REPRESENTATION_CONTEXT(2) 
PARAMETRIC_REPRESENTATION_CONTEXT() REPRESENTATION_CONTEXT('2D SPACE',''
  ) );
#2185 = ADVANCED_FACE('',(#2186),#2174,.F.);
#2186 = FACE_BOUND('',#2187,.F.);
#2187 = EDGE_LOOP('',(#2188));
#2188 = ORIENTED_EDGE('',*,*,#2159,.T.);
#2189 = ( GEOMETRIC_REPRESENTATION_CONTEXT(3) 
GLOBAL_UNCERTAINTY_ASSIGNED_CONTEXT((#2193)) 
GLOBAL_UNIT_ASSIGNED_CONTEXT((#2190,#2191,#2192)) REPRESENTATION_CONTEXT
('Context #1','3D Context with UNIT and UNCERTAINTY') );
#2190 = ( LENGTH_UNIT() NAMED_UNIT(*) SI_UNIT(.MILLI.,.METRE.) );
#2191 = ( NAMED_UNIT(*) PLANE_ANGLE_UNIT() SI_UNIT($,.RADIAN.) );
#2192 = ( NAMED_UNIT(*) SI_UNIT($,.STERADIAN.) SOLID_ANGLE_UNIT() );
#2193 = UNCERTAINTY_MEASURE_WITH_UNIT(LENGTH_MEASURE(1.E-07),#2190,
  'distance_accuracy_value','confusion accuracy');
#2194 = CONTEXT_DEPENDENT_SHAPE_REPRESENTATION(#2195,#2197);
#2195 = ( REPRESENTATION_RELATIONSHIP('','',#1612,#10) 
REPRESENTATION_RELATIONSHIP_WITH_TRANSFORMATION(#2196) 
SHAPE_REPRESENTATION_RELATIONSHIP() );
#2196 = ITEM_DEFINED_TRANSFORMATION('','',#11,#23);
#2197 = PRODUCT_DEFINITION_SHAPE('Placement','Placement of an item',
  #2198);
#2198 = NEXT_ASSEMBLY_USAGE_OCCURRENCE('48','hex_bolt_2','',#5,#1607,$);
#2199 = PRODUCT_RELATED_PRODUCT_CATEGORY('part',$,(#1609));
#2200 = SHAPE_DEFINITION_REPRESENTATION(#2201,#2207);
#2201 = PRODUCT_DEFINITION_SHAPE('','',#2202);
#2202 = PRODUCT_DEFINITION('design','',#2203,#2206);
#2203 = PRODUCT_DEFINITION_FORMATION('','',#2204);
#2204 = PRODUCT('hex_bolt_3','hex_bolt_3','',(#2205));
#2205 = PRODUCT_CONTEXT('',#2,'mechanical');
#2206 = PRODUCT_DEFINITION_CONTEXT('part definition',#2,'design');
#2207 = ADVANCED_BREP_SHAPE_REPRESENTATION('',(#11,#2208),#2784);
#2208 = MANIFOLD_SOLID_BREP('',#2209);
#2209 = CLOSED_SHELL('',(#2210,#2330,#2406,#2482,#2591,#2664,#2691,#2718
    ,#2725,#2780));
#2210 = ADVANCED_FACE('',(#2211),#2225,.F.);
#2211 = FACE_BOUND('',#2212,.F.);
#2212 = EDGE_LOOP('',(#2213,#2248,#2276,#2304));
#2213 = ORIENTED_EDGE('',*,*,#2214,.T.);
#2214 = EDGE_CURVE('',#2215,#2217,#2219,.T.);
#2215 = VERTEX_POINT('',#2216);
#2216 = CARTESIAN_POINT('',(5.,0.,0.));
#2217 = VERTEX_POINT('',#2218);
#2218 = CARTESIAN_POINT('',(5.,0.,4.));
#2219 = SURFACE_CURVE('',#2220,(#2224,#2236),.PCURVE_S1.);
#2220 = LINE('',#2221,#2222);
#2221 = CARTESIAN_POINT('',(5.,0.,0.));
#2222 = VECTOR('',#2223,1.);
#2223 = DIRECTION('',(0.,0.,1.));
#2224 = PCURVE('',#2225,#2230);
#2225 = PLANE('',#2226);
#2226 = AXIS2_PLACEMENT_3D('',#2227,#2228,#2229);
#2227 = CARTESIAN_POINT('',(5.,0.,0.));
#2228 = DIRECTION('',(-0.866025403784,-0.5,0.));
#2229 = DIRECTION('',(-0.5,0.866025403784,0.));
#2230 = DEFINITIONAL_REPRESENTATION('',(#2231),#2235);
#2231 = LINE('',#2232,#2233);
#2232 = CARTESIAN_POINT('',(0.,0.));
#2233 = VECTOR('',#2234,1.);
#2234 = DIRECTION('',(0.,-1.));
#2235 = ( GEOMETRIC_REPRESENTATION_CONTEXT(2) 
PARAMETRIC_REPRESENTATION_CONTEXT() REPRESENTATION_CONTEXT('2D SPACE',''
  ) );
#2236 = PCURVE('',#2237,#2242);
#2237 = PLANE('',#2238);
#2238 = AXIS2_PLACEMENT_3D('',#2239,#2240,#2241);
#2239 = CARTESIAN_POINT('',(2.5,-4.330127018922,0.));
#2240 = DIRECTION('',(-0.866025403784,0.5,0.));
#2241 = DIRECTION('',(0.5,0.866025403784,0.));
#2242 = DEFINITIONAL_REPRESENTATION('',(#2243),#2247);
#2243 = LINE('',#2244,#2245);
#2244 = CARTESIAN_POINT('',(5.,0.));
#2245 = VECTOR('',#2246,1.);
#2246 = DIRECTION('',(0.,-1.));
#2247 = ( GEOMETRIC_REPRESENTATION_CONTEXT(2) 
PARAMETRIC_REPRESENTATION_CONTEXT() REPRESENTATION_CONTEXT('2D SPACE',''
  ) );
#2248 = ORIENTED_EDGE('',*,*,#2249,.T.);
#2249 = EDGE_CURVE('',#2217,#2250,#2252,.T.);
#2250 = VERTEX_POINT('',#2251);
#2251 = CARTESIAN_POINT('',(2.5,4.330127018922,4.));
#2252 = SURFACE_CURVE('',#2253,(#2257,#2264),.PCURVE_S1.);
#2253 = LINE('',#2254,#2255);
#2254 = CARTESIAN_POINT('',(5.,0.,4.));
#2255 = VECTOR('',#2256,1.);
#2256 = DIRECTION('',(-0.5,0.866025403784,0.));
#2257 = PCURVE('',#2225,#2258);
#2258 = DEFINITIONAL_REPRESENTATION('',(#2259),#2263);
#2259 = LINE('',#2260,#2261);
#2260 = CARTESIAN_POINT('',(0.,-4.));
#2261 = VECTOR('',#2262,1.);
#2262 = DIRECTION('',(1.,0.));
#2263 = ( GEOMETRIC_REPRESENTATION_CONTEXT(2) 
PARAMETRIC_REPRESENTATION_CONTEXT() REPRESENTATION_CONTEXT('2D SPACE',''
  ) );
#2264 = PCURVE('',#2265,#2270);
#2265 = PLANE('',#2266);
#2266 = AXIS2_PLACEMENT_3D('',#2267,#2268,#2269);
#2267 = CARTESIAN_POINT('',(-2.960594732334E-16,3.026543175439E-16,4.));
#2268 = DIRECTION('',(0.,0.,1.));
#2269 = DIRECTION('',(1.,0.,-0.));
#2270 = DEFINITIONAL_REPRESENTATION('',(#2271),#2275);
#2271 = LINE('',#2272,#2273);
#2272 = CARTESIAN_POINT('',(5.,-3.026543175439E-16));
#2273 = VECTOR('',#2274,1.);
#2274 = DIRECTION('',(-0.5,0.866025403784));
#2275 = ( GEOMETRIC_REPRESENTATION_CONTEXT(2) 
PARAMETRIC_REPRESENTATION_CONTEXT() REPRESENTATION_CONTEXT('2D SPACE',''
  ) );
#2276 = ORIENTED_EDGE('',*,*,#2277,.F.);
#2277 = EDGE_CURVE('',#2278,#2250,#2280,.T.);
#2278 = VERTEX_POINT('',#2279);
#2279 = CARTESIAN_POINT('',(2.5,4.330127018922,0.));
#2280 = SURFACE_CURVE('',#2281,(#2285,#2292),.PCURVE_S1.);
#2281 = LINE('',#2282,#2283);
#2282 = CARTESIAN_POINT('',(2.5,4.330127018922,0.));
#2283 = VECTOR('',#2284,1.);
#2284 = DIRECTION('',(0.,0.,1.));
#2285 = PCURVE('',#2225,#2286);
#2286 = DEFINITIONAL_REPRESENTATION('',(#2287),#2291);
#2287 = LINE('',#2288,#2289);
#2288 = CARTESIAN_POINT('',(5.,0.));
#2289 = VECTOR('',#2290,1.);
#2290 = DIRECTION('',(0.,-1.));
#2291 = ( GEOMETRIC_REPRESENTATION_CONTEXT(2) 
PARAMETRIC_REPRESENTATION_CONTEXT() REPRESENTATION_CONTEXT('2D SPACE',''
  ) );
#2292 = PCURVE('',#2293,#2298);
#2293 = PLANE('',#2294);
#2294 = AXIS2_PLACEMENT_3D('',#2295,#2296,#2297);
#2295 = CARTESIAN_POINT('',(2.5,4.330127018922,0.));
#2296 = DIRECTION('',(-1.7763568394E-16,-1.,0.));
#2297 = DIRECTION('',(-1.,1.7763568394E-16,0.));
#2298 = DEFINITIONAL_REPRESENTATION('',(#2299),#2303);
#2299 = LINE('',#2300,#2301);
#2300 = CARTESIAN_POINT('',(0.,0.));
#2301 = VECTOR('',#2302,1.);
#2302 = DIRECTION('',(0.,-1.));
#2303 = ( GEOMETRIC_REPRESENTATION_CONTEXT(2) 
PARAMETRIC_REPRESENTATION_CONTEXT() REPRESENTATION_CONTEXT('2D SPACE',''
  ) );
#2304 = ORIENTED_EDGE('',*,*,#2305,.F.);
#2305 = EDGE_CURVE('',#2215,#2278,#2306,.T.);
#2306 = SURFACE_CURVE('',#2307,(#2311,#2318),.PCURVE_S1.);
#2307 = LINE('',#2308,#2309);
#2308 = CARTESIAN_POINT('',(5.,0.,0.));
#2309 = VECTOR('',#2310,1.);
#2310 = DIRECTION('',(-0.5,0.866025403784,0.));
#2311 = PCURVE('',#2225,#2312);
#2312 = DEFINITIONAL_REPRESENTATION('',(#2313),#2317);
#2313 = LINE('',#2314,#2315);
#2314 = CARTESIAN_POINT('',(0.,0.));
#2315 = VECTOR('',#2316,1.);
#2316 = DIRECTION('',(1.,0.));
#2317 = ( GEOMETRIC_REPRESENTATION_CONTEXT(2) 
PARAMETRIC_REPRESENTATION_CONTEXT() REPRESENTATION_CONTEXT('2D SPACE',''
  ) );
#2318 = PCURVE('',#2319,#2324);
#2319 = PLANE('',#2320);
#2320 = AXIS2_PLACEMENT_3D('',#2321,#2322,#2323);
#2321 = CARTESIAN_POINT('',(-2.960594732334E-16,3.026543175439E-16,0.));
#2322 = DIRECTION('',(0.,0.,1.));
#2323 = DIRECTION('',(1.,0.,-0.));
#2324 = DEFINITIONAL_REPRESENTATION('',(#2325),#2329);
#2325 = LINE('',#2326,#2327);
#2326 = CARTESIAN_POINT('',(5.,-3.026543175439E-16));
#2327 = VECTOR('',#2328,1.);
#2328 = DIRECTION('',(-0.5,0.866025403784));
#2329 = ( GEOMETRIC_REPRESENTATION_CONTEXT(2) 
PARAMETRIC_REPRESENTATION_CONTEXT() REPRESENTATION_CONTEXT('2D SPACE',''
  ) );
#2330 = ADVANCED_FACE('',(#2331),#2237,.F.);
#2331 = FACE_BOUND('',#2332,.F.);
#2332 = EDGE_LOOP('',(#2333,#2363,#2384,#2385));
#2333 = ORIENTED_EDGE('',*,*,#2334,.T.);
#2334 = EDGE_CURVE('',#2335,#2337,#2339,.T.);
#2335 = VERTEX_POINT('',#2336);
#2336 = CARTESIAN_POINT('',(2.5,-4.330127018922,0.));
#2337 = VERTEX_POINT('',#2338);
#2338 = CARTESIAN_POINT('',(2.5,-4.330127018922,4.));
#2339 = SURFACE_CURVE('',#2340,(#2344,#2351),.PCURVE_S1.);
#2340 = LINE('',#2341,#2342);
#2341 = CARTESIAN_POINT('',(2.5,-4.330127018922,0.));
#2342 = VECTOR('',#2343,1.);
#2343 = DIRECTION('',(0.,0.,1.));
#2344 = PCURVE('',#2237,#2345);
#2345 = DEFINITIONAL_REPRESENTATION('',(#2346),#2350);
#2346 = LINE('',#2347,#2348);
#2347 = CARTESIAN_POINT('',(0.,0.));
#2348 = VECTOR('',#2349,1.);
#2349 = DIRECTION('',(0.,-1.));
#2350 = ( GEOMETRIC_REPRESENTATION_CONTEXT(2) 
PARAMETRIC_REPRESENTATION_CONTEXT() REPRESENTATION_CONTEXT('2D SPACE',''
  ) );
#2351 = PCURVE('',#2352,#2357);
#2352 = PLANE('',#2353);
#2353 = AXIS2_PLACEMENT_3D('',#2354,#2355,#2356);
#2354 = CARTESIAN_POINT('',(-2.5,-4.330127018922,0.));
#2355 = DIRECTION('',(7.105427357601E-16,1.,-0.));
#2356 = DIRECTION('',(1.,-7.105427357601E-16,0.));
#2357 = DEFINITIONAL_REPRESENTATION('',(#2358),#2362);
#2358 = LINE('',#2359,#2360);
#2359 = CARTESIAN_POINT('',(5.,0.));
#2360 = VECTOR('',#2361,1.);
#2361 = DIRECTION('',(0.,-1.));
#2362 = ( GEOMETRIC_REPRESENTATION_CONTEXT(2) 
PARAMETRIC_REPRESENTATION_CONTEXT() REPRESENTATION_CONTEXT('2D SPACE',''
  ) );
#2363 = ORIENTED_EDGE('',*,*,#2364,.T.);
#2364 = EDGE_CURVE('',#2337,#2217,#2365,.T.);
#2365 = SURFACE_CURVE('',#2366,(#2370,#2377),.PCURVE_S1.);
#2366 = LINE('',#2367,#2368);
#2367 = CARTESIAN_POINT('',(2.5,-4.330127018922,4.));
#2368 = VECTOR('',#2369,1.);
#2369 = DIRECTION('',(0.5,0.866025403784,0.));
#2370 = PCURVE('',#2237,#2371);
#2371 = DEFINITIONAL_REPRESENTATION('',(#2372),#2376);
#2372 = LINE('',#2373,#2374);
#2373 = CARTESIAN_POINT('',(0.,-4.));
#2374 = VECTOR('',#2375,1.);
#2375 = DIRECTION('',(1.,0.));
#2376 = ( GEOMETRIC_REPRESENTATION_CONTEXT(2) 
PARAMETRIC_REPRESENTATION_CONTEXT() REPRESENTATION_CONTEXT('2D SPACE',''
  ) );
#2377 = PCURVE('',#2265,#2378);
#2378 = DEFINITIONAL_REPRESENTATION('',(#2379),#2383);
#2379 = LINE('',#2380,#2381);
#2380 = CARTESIAN_POINT('',(2.5,-4.330127018922));
#2381 = VECTOR('',#2382,1.);
#2382 = DIRECTION('',(0.5,0.866025403784));
#2383 = ( GEOMETRIC_REPRESENTATION_CONTEXT(2) 
PARAMETRIC_REPRESENTATION_CONTEXT() REPRESENTATION_CONTEXT('2D SPACE',''
  ) );
#2384 = ORIENTED_EDGE('',*,*,#2214,.F.);
#2385 = ORIENTED_EDGE('',*,*,#2386,.F.);
#2386 = EDGE_CURVE('',#2335,#2215,#2387,.T.);
#2387 = SURFACE_CURVE('',#2388,(#2392,#2399),.PCURVE_S1.);
#2388 = LINE('',#2389,#2390);
#2389 = CARTESIAN_POINT('',(2.5,-4.330127018922,0.));
#2390 = VECTOR('',#2391,1.);
#2391 = DIRECTION('',(0.5,0.866025403784,0.));
#2392 = PCURVE('',#2237,#2393);
#2393 = DEFINITIONAL_REPRESENTATION('',(#2394),#2398);
#2394 = LINE('',#2395,#2396);
#2395 = CARTESIAN_POINT('',(0.,0.));
#2396 = VECTOR('',#2397,1.);
#2397 = DIRECTION('',(1.,0.));
#2398 = ( GEOMETRIC_REPRESENTATION_CONTEXT(2) 
PARAMETRIC_REPRESENTATION_CONTEXT() REPRESENTATION_CONTEXT('2D SPACE',''
  ) );
#2399 = PCURVE('',#2319,#2400);
#2400 = DEFINITIONAL_REPRESENTATION('',(#2401),#2405);
#2401 = LINE('',#2402,#2403);
#2402 = CARTESIAN_POINT('',(2.5,-4.330127018922));
#2403 = VECTOR('',#2404,1.);
#2404 = DIRECTION('',(0.5,0.866025403784));
#2405 = ( GEOMETRIC_REPRESENTATION_CONTEXT(2) 
PARAMETRIC_REPRESENTATION_CONTEXT() REPRESENTATION_CONTEXT('2D SPACE',''
  ) );
#2406 = ADVANCED_FACE('',(#2407),#2293,.F.);
#2407 = FACE_BOUND('',#2408,.F.);
#2408 = EDGE_LOOP('',(#2409,#2410,#2433,#2461));
#2409 = ORIENTED_EDGE('',*,*,#2277,.T.);
#2410 = ORIENTED_EDGE('',*,*,#2411,.T.);
#2411 = EDGE_CURVE('',#2250,#2412,#2414,.T.);
#2412 = VERTEX_POINT('',#2413);
#2413 = CARTESIAN_POINT('',(-2.5,4.330127018922,4.));
#2414 = SURFACE_CURVE('',#2415,(#2419,#2426),.PCURVE_S1.);
#2415 = LINE('',#2416,#2417);
#2416 = CARTESIAN_POINT('',(2.5,4.330127018922,4.));
#2417 = VECTOR('',#2418,1.);
#2418 = DIRECTION('',(-1.,1.7763568394E-16,0.));
#2419 = PCURVE('',#2293,#2420);
#2420 = DEFINITIONAL_REPRESENTATION('',(#2421),#2425);
#2421 = LINE('',#2422,#2423);
#2422 = CARTESIAN_POINT('',(0.,-4.));
#2423 = VECTOR('',#2424,1.);
#2424 = DIRECTION('',(1.,0.));
#2425 = ( GEOMETRIC_REPRESENTATION_CONTEXT(2) 
PARAMETRIC_REPRESENTATION_CONTEXT() REPRESENTATION_CONTEXT('2D SPACE',''
  ) );
#2426 = PCURVE('',#2265,#2427);
#2427 = DEFINITIONAL_REPRESENTATION('',(#2428),#2432);
#2428 = LINE('',#2429,#2430);
#2429 = CARTESIAN_POINT('',(2.5,4.330127018922));
#2430 = VECTOR('',#2431,1.);
#2431 = DIRECTION('',(-1.,1.7763568394E-16));
#2432 = ( GEOMETRIC_REPRESENTATION_CONTEXT(2) 
PARAMETRIC_REPRESENTATION_CONTEXT() REPRESENTATION_CONTEXT('2D SPACE',''
  ) );
#2433 = ORIENTED_EDGE('',*,*,#2434,.F.);
#2434 = EDGE_CURVE('',#2435,#2412,#2437,.T.);
#2435 = VERTEX_POINT('',#2436);
#2436 = CARTESIAN_POINT('',(-2.5,4.330127018922,0.));
#2437 = SURFACE_CURVE('',#2438,(#2442,#2449),.PCURVE_S1.);
#2438 = LINE('',#2439,#2440);
#2439 = CARTESIAN_POINT('',(-2.5,4.330127018922,0.));
#2440 = VECTOR('',#2441,1.);
#2441 = DIRECTION('',(0.,0.,1.));
#2442 = PCURVE('',#2293,#2443);
#2443 = DEFINITIONAL_REPRESENTATION('',(#2444),#2448);
#2444 = LINE('',#2445,#2446);
#2445 = CARTESIAN_POINT('',(5.,0.));
#2446 = VECTOR('',#2447,1.);
#2447 = DIRECTION('',(0.,-1.));
#2448 = ( GEOMETRIC_REPRESENTATION_CONTEXT(2) 
PARAMETRIC_REPRESENTATION_CONTEXT() REPRESENTATION_CONTEXT('2D SPACE',''
  ) );
#2449 = PCURVE('',#2450,#2455);
#2450 = PLANE('',#2451);
#2451 = AXIS2_PLACEMENT_3D('',#2452,#2453,#2454);
#2452 = CARTESIAN_POINT('',(-2.5,4.330127018922,0.));
#2453 = DIRECTION('',(0.866025403784,-0.5,0.));
#2454 = DIRECTION('',(-0.5,-0.866025403784,0.));
#2455 = DEFINITIONAL_REPRESENTATION('',(#2456),#2460);
#2456 = LINE('',#2457,#2458);
#2457 = CARTESIAN_POINT('',(0.,0.));
#2458 = VECTOR('',#2459,1.);
#2459 = DIRECTION('',(0.,-1.));
#2460 = ( GEOMETRIC_REPRESENTATION_CONTEXT(2) 
PARAMETRIC_REPRESENTATION_CONTEXT() REPRESENTATION_CONTEXT('2D SPACE',''
  ) );
#2461 = ORIENTED_EDGE('',*,*,#2462,.F.);
#2462 = EDGE_CURVE('',#2278,#2435,#2463,.T.);
#2463 = SURFACE_CURVE('',#2464,(#2468,#2475),.PCURVE_S1.);
#2464 = LINE('',#2465,#2466);
#2465 = CARTESIAN_POINT('',(2.5,4.330127018922,0.));
#2466 = VECTOR('',#2467,1.);
#2467 = DIRECTION('',(-1.,1.7763568394E-16,0.));
#2468 = PCURVE('',#2293,#2469);
#2469 = DEFINITIONAL_REPRESENTATION('',(#2470),#2474);
#2470 = LINE('',#2471,#2472);
#2471 = CARTESIAN_POINT('',(0.,0.));
#2472 = VECTOR('',#2473,1.);
#2473 = DIRECTION('',(1.,0.));
#2474 = ( GEOMETRIC_REPRESENTATION_CONTEXT(2) 
PARAMETRIC_REPRESENTATION_CONTEXT() REPRESENTATION_CONTEXT('2D SPACE',''
  ) );
#2475 = PCURVE('',#2319,#2476);
#2476 = DEFINITIONAL_REPRESENTATION('',(#2477),#2481);
#2477 = LINE('',#2478,#2479);
#2478 = CARTESIAN_POINT('',(2.5,4.330127018922));
#2479 = VECTOR('',#2480,1.);
#2480 = DIRECTION('',(-1.,1.7763568394E-16));
#2481 = ( GEOMETRIC_REPRESENTATION_CONTEXT(2) 
PARAMETRIC_REPRESENTATION_CONTEXT() REPRESENTATION_CONTEXT('2D SPACE',''
  ) );
#2482 = ADVANCED_FACE('',(#2483,#2560),#2319,.F.);
#2483 = FACE_BOUND('',#2484,.F.);
#2484 = EDGE_LOOP('',(#2485,#2486,#2487,#2510,#2538,#2559));
#2485 = ORIENTED_EDGE('',*,*,#2305,.T.);
#2486 = ORIENTED_EDGE('',*,*,#2462,.T.);
#2487 = ORIENTED_EDGE('',*,*,#2488,.T.);
#2488 = EDGE_CURVE('',#2435,#2489,#2491,.T.);
#2489 = VERTEX_POINT('',#2490);
#2490 = CARTESIAN_POINT('',(-5.,6.123233995737E-16,0.));
#2491 = SURFACE_CURVE('',#2492,(#2496,#2503),.PCURVE_S1.);
#2492 = LINE('',#2493,#2494);
#2493 = CARTESIAN_POINT('',(-2.5,4.330127018922,0.));
#2494 = VECTOR('',#2495,1.);
#2495 = DIRECTION('',(-0.5,-0.866025403784,0.));
#2496 = PCURVE('',#2319,#2497);
#2497 = DEFINITIONAL_REPRESENTATION('',(#2498),#2502);
#2498 = LINE('',#2499,#2500);
#2499 = CARTESIAN_POINT('',(-2.5,4.330127018922));
#2500 = VECTOR('',#2501,1.);
#2501 = DIRECTION('',(-0.5,-0.866025403784));
#2502 = ( GEOMETRIC_REPRESENTATION_CONTEXT(2) 
PARAMETRIC_REPRESENTATION_CONTEXT() REPRESENTATION_CONTEXT('2D SPACE',''
  ) );
#2503 = PCURVE('',#2450,#2504);
#2504 = DEFINITIONAL_REPRESENTATION('',(#2505),#2509);
#2505 = LINE('',#2506,#2507);
#2506 = CARTESIAN_POINT('',(0.,0.));
#2507 = VECTOR('',#2508,1.);
#2508 = DIRECTION('',(1.,0.));
#2509 = ( GEOMETRIC_REPRESENTATION_CONTEXT(2) 
PARAMETRIC_REPRESENTATION_CONTEXT() REPRESENTATION_CONTEXT('2D SPACE',''
  ) );
#2510 = ORIENTED_EDGE('',*,*,#2511,.T.);
#2511 = EDGE_CURVE('',#2489,#2512,#2514,.T.);
#2512 = VERTEX_POINT('',#2513);
#2513 = CARTESIAN_POINT('',(-2.5,-4.330127018922,0.));
#2514 = SURFACE_CURVE('',#2515,(#2519,#2526),.PCURVE_S1.);
#2515 = LINE('',#2516,#2517);
#2516 = CARTESIAN_POINT('',(-5.,6.123233995737E-16,0.));
#2517 = VECTOR('',#2518,1.);
#2518 = DIRECTION('',(0.5,-0.866025403784,0.));
#2519 = PCURVE('',#2319,#2520);
#2520 = DEFINITIONAL_REPRESENTATION('',(#2521),#2525);
#2521 = LINE('',#2522,#2523);
#2522 = CARTESIAN_POINT('',(-5.,3.096690820298E-16));
#2523 = VECTOR('',#2524,1.);
#2524 = DIRECTION('',(0.5,-0.866025403784));
#2525 = ( GEOMETRIC_REPRESENTATION_CONTEXT(2) 
PARAMETRIC_REPRESENTATION_CONTEXT() REPRESENTATION_CONTEXT('2D SPACE',''
  ) );
#2526 = PCURVE('',#2527,#2532);
#2527 = PLANE('',#2528);
#2528 = AXIS2_PLACEMENT_3D('',#2529,#2530,#2531);
#2529 = CARTESIAN_POINT('',(-5.,6.123233995737E-16,0.));
#2530 = DIRECTION('',(0.866025403784,0.5,-0.));
#2531 = DIRECTION('',(0.5,-0.866025403784,0.));
#2532 = DEFINITIONAL_REPRESENTATION('',(#2533),#2537);
#2533 = LINE('',#2534,#2535);
#2534 = CARTESIAN_POINT('',(0.,0.));
#2535 = VECTOR('',#2536,1.);
#2536 = DIRECTION('',(1.,0.));
#2537 = ( GEOMETRIC_REPRESENTATION_CONTEXT(2) 
PARAMETRIC_REPRESENTATION_CONTEXT() REPRESENTATION_CONTEXT('2D SPACE',''
  ) );
#2538 = ORIENTED_EDGE('',*,*,#2539,.T.);
#2539 = EDGE_CURVE('',#2512,#2335,#2540,.T.);
#2540 = SURFACE_CURVE('',#2541,(#2545,#2552),.PCURVE_S1.);
#2541 = LINE('',#2542,#2543);
#2542 = CARTESIAN_POINT('',(-2.5,-4.330127018922,0.));
#2543 = VECTOR('',#2544,1.);
#2544 = DIRECTION('',(1.,-7.105427357601E-16,0.));
#2545 = PCURVE('',#2319,#2546);
#2546 = DEFINITIONAL_REPRESENTATION('',(#2547),#2551);
#2547 = LINE('',#2548,#2549);
#2548 = CARTESIAN_POINT('',(-2.5,-4.330127018922));
#2549 = VECTOR('',#2550,1.);
#2550 = DIRECTION('',(1.,-7.105427357601E-16));
#2551 = ( GEOMETRIC_REPRESENTATION_CONTEXT(2) 
PARAMETRIC_REPRESENTATION_CONTEXT() REPRESENTATION_CONTEXT('2D SPACE',''
  ) );
#2552 = PCURVE('',#2352,#2553);
#2553 = DEFINITIONAL_REPRESENTATION('',(#2554),#2558);
#2554 = LINE('',#2555,#2556);
#2555 = CARTESIAN_POINT('',(0.,0.));
#2556 = VECTOR('',#2557,1.);
#2557 = DIRECTION('',(1.,0.));
#2558 = ( GEOMETRIC_REPRESENTATION_CONTEXT(2) 
PARAMETRIC_REPRESENTATION_CONTEXT() REPRESENTATION_CONTEXT('2D SPACE',''
  ) );
#2559 = ORIENTED_EDGE('',*,*,#2386,.T.);
#2560 = FACE_BOUND('',#2561,.F.);
#2561 = EDGE_LOOP('',(#2562));
#2562 = ORIENTED_EDGE('',*,*,#2563,.F.);
#2563 = EDGE_CURVE('',#2564,#2564,#2566,.T.);
#2564 = VERTEX_POINT('',#2565);
#2565 = CARTESIAN_POINT('',(3.,0.,0.));
#2566 = SURFACE_CURVE('',#2567,(#2572,#2579),.PCURVE_S1.);
#2567 = CIRCLE('',#2568,3.);
#2568 = AXIS2_PLACEMENT_3D('',#2569,#2570,#2571);
#2569 = CARTESIAN_POINT('',(0.,0.,0.));
#2570 = DIRECTION('',(0.,0.,1.));
#2571 = DIRECTION('',(1.,0.,0.));
#2572 = PCURVE('',#2319,#2573);
#2573 = DEFINITIONAL_REPRESENTATION('',(#2574),#2578);
#2574 = CIRCLE('',#2575,3.);
#2575 = AXIS2_PLACEMENT_2D('',#2576,#2577);
#2576 = CARTESIAN_POINT('',(2.960594732334E-16,-3.026543175439E-16));
#2577 = DIRECTION('',(1.,0.));
#2578 = ( GEOMETRIC_REPRESENTATION_CONTEXT(2) 
PARAMETRIC_REPRESENTATION_CONTEXT() REPRESENTATION_CONTEXT('2D SPACE',''
  ) );
#2579 = PCURVE('',#2580,#2585);
#2580 = CYLINDRICAL_SURFACE('',#2581,3.);
#2581 = AXIS2_PLACEMENT_3D('',#2582,#2583,#2584);
#2582 = CARTESIAN_POINT('',(0.,0.,-12.));
#2583 = DIRECTION('',(-0.,-0.,-1.));
#2584 = DIRECTION('',(1.,0.,0.));
#2585 = DEFINITIONAL_REPRESENTATION('',(#2586),#2590);
#2586 = LINE('',#2587,#2588);
#2587 = CARTESIAN_POINT('',(-0.,-12.));
#2588 = VECTOR('',#2589,1.);
#2589 = DIRECTION('',(-1.,0.));
#2590 = ( GEOMETRIC_REPRESENTATION_CONTEXT(2) 
PARAMETRIC_REPRESENTATION_CONTEXT() REPRESENTATION_CONTEXT('2D SPACE',''
  ) );
#2591 = ADVANCED_FACE('',(#2592),#2265,.T.);
#2592 = FACE_BOUND('',#2593,.T.);
#2593 = EDGE_LOOP('',(#2594,#2595,#2596,#2619,#2642,#2663));
#2594 = ORIENTED_EDGE('',*,*,#2249,.T.);
#2595 = ORIENTED_EDGE('',*,*,#2411,.T.);
#2596 = ORIENTED_EDGE('',*,*,#2597,.T.);
#2597 = EDGE_CURVE('',#2412,#2598,#2600,.T.);
#2598 = VERTEX_POINT('',#2599);
#2599 = CARTESIAN_POINT('',(-5.,6.123233995737E-16,4.));
#2600 = SURFACE_CURVE('',#2601,(#2605,#2612),.PCURVE_S1.);
#2601 = LINE('',#2602,#2603);
#2602 = CARTESIAN_POINT('',(-2.5,4.330127018922,4.));
#2603 = VECTOR('',#2604,1.);
#2604 = DIRECTION('',(-0.5,-0.866025403784,0.));
#2605 = PCURVE('',#2265,#2606);
#2606 = DEFINITIONAL_REPRESENTATION('',(#2607),#2611);
#2607 = LINE('',#2608,#2609);
#2608 = CARTESIAN_POINT('',(-2.5,4.330127018922));
#2609 = VECTOR('',#2610,1.);
#2610 = DIRECTION('',(-0.5,-0.866025403784));
#2611 = ( GEOMETRIC_REPRESENTATION_CONTEXT(2) 
PARAMETRIC_REPRESENTATION_CONTEXT() REPRESENTATION_CONTEXT('2D SPACE',''
  ) );
#2612 = PCURVE('',#2450,#2613);
#2613 = DEFINITIONAL_REPRESENTATION('',(#2614),#2618);
#2614 = LINE('',#2615,#2616);
#2615 = CARTESIAN_POINT('',(0.,-4.));
#2616 = VECTOR('',#2617,1.);
#2617 = DIRECTION('',(1.,0.));
#2618 = ( GEOMETRIC_REPRESENTATION_CONTEXT(2) 
PARAMETRIC_REPRESENTATION_CONTEXT() REPRESENTATION_CONTEXT('2D SPACE',''
  ) );
#2619 = ORIENTED_EDGE('',*,*,#2620,.T.);
#2620 = EDGE_CURVE('',#2598,#2621,#2623,.T.);
#2621 = VERTEX_POINT('',#2622);
#2622 = CARTESIAN_POINT('',(-2.5,-4.330127018922,4.));
#2623 = SURFACE_CURVE('',#2624,(#2628,#2635),.PCURVE_S1.);
#2624 = LINE('',#2625,#2626);
#2625 = CARTESIAN_POINT('',(-5.,6.123233995737E-16,4.));
#2626 = VECTOR('',#2627,1.);
#2627 = DIRECTION('',(0.5,-0.866025403784,0.));
#2628 = PCURVE('',#2265,#2629);
#2629 = DEFINITIONAL_REPRESENTATION('',(#2630),#2634);
#2630 = LINE('',#2631,#2632);
#2631 = CARTESIAN_POINT('',(-5.,3.096690820298E-16));
#2632 = VECTOR('',#2633,1.);
#2633 = DIRECTION('',(0.5,-0.866025403784));
#2634 = ( GEOMETRIC_REPRESENTATION_CONTEXT(2) 
PARAMETRIC_REPRESENTATION_CONTEXT() REPRESENTATION_CONTEXT('2D SPACE',''
  ) );
#2635 = PCURVE('',#2527,#2636);
#2636 = DEFINITIONAL_REPRESENTATION('',(#2637),#2641);
#2637 = LINE('',#2638,#2639);
#2638 = CARTESIAN_POINT('',(0.,-4.));
#2639 = VECTOR('',#2640,1.);
#2640 = DIRECTION('',(1.,0.));
#2641 = ( GEOMETRIC_REPRESENTATION_CONTEXT(2) 
PARAMETRIC_REPRESENTATION_CONTEXT() REPRESENTATION_CONTEXT('2D SPACE',''
  ) );
#2642 = ORIENTED_EDGE('',*,*,#2643,.T.);
#2643 = EDGE_CURVE('',#2621,#2337,#2644,.T.);
#2644 = SURFACE_CURVE('',#2645,(#2649,#2656),.PCURVE_S1.);
#2645 = LINE('',#2646,#2647);
#2646 = CARTESIAN_POINT('',(-2.5,-4.330127018922,4.));
#2647 = VECTOR('',#2648,1.);
#2648 = DIRECTION('',(1.,-7.105427357601E-16,0.));
#2649 = PCURVE('',#2265,#2650);
#2650 = DEFINITIONAL_REPRESENTATION('',(#2651),#2655);
#2651 = LINE('',#2652,#2653);
#2652 = CARTESIAN_POINT('',(-2.5,-4.330127018922));
#2653 = VECTOR('',#2654,1.);
#2654 = DIRECTION('',(1.,-7.105427357601E-16));
#2655 = ( GEOMETRIC_REPRESENTATION_CONTEXT(2) 
PARAMETRIC_REPRESENTATION_CONTEXT() REPRESENTATION_CONTEXT('2D SPACE',''
  ) );
#2656 = PCURVE('',#2352,#2657);
#2657 = DEFINITIONAL_REPRESENTATION('',(#2658),#2662);
#2658 = LINE('',#2659,#2660);
#2659 = CARTESIAN_POINT('',(0.,-4.));
#2660 = VECTOR('',#2661,1.);
#2661 = DIRECTION('',(1.,0.));
#2662 = ( GEOMETRIC_REPRESENTATION_CONTEXT(2) 
PARAMETRIC_REPRESENTATION_CONTEXT() REPRESENTATION_CONTEXT('2D SPACE',''
  ) );
#2663 = ORIENTED_EDGE('',*,*,#2364,.T.);
#2664 = ADVANCED_FACE('',(#2665),#2352,.F.);
#2665 = FACE_BOUND('',#2666,.F.);
#2666 = EDGE_LOOP('',(#2667,#2688,#2689,#2690));
#2667 = ORIENTED_EDGE('',*,*,#2668,.T.);
#2668 = EDGE_CURVE('',#2512,#2621,#2669,.T.);
#2669 = SURFACE_CURVE('',#2670,(#2674,#2681),.PCURVE_S1.);
#2670 = LINE('',#2671,#2672);
#2671 = CARTESIAN_POINT('',(-2.5,-4.330127018922,0.));
#2672 = VECTOR('',#2673,1.);
#2673 = DIRECTION('',(0.,0.,1.));
#2674 = PCURVE('',#2352,#2675);
#2675 = DEFINITIONAL_REPRESENTATION('',(#2676),#2680);
#2676 = LINE('',#2677,#2678);
#2677 = CARTESIAN_POINT('',(0.,0.));
#2678 = VECTOR('',#2679,1.);
#2679 = DIRECTION('',(0.,-1.));
#2680 = ( GEOMETRIC_REPRESENTATION_CONTEXT(2) 
PARAMETRIC_REPRESENTATION_CONTEXT() REPRESENTATION_CONTEXT('2D SPACE',''
  ) );
#2681 = PCURVE('',#2527,#2682);
#2682 = DEFINITIONAL_REPRESENTATION('',(#2683),#2687);
#2683 = LINE('',#2684,#2685);
#2684 = CARTESIAN_POINT('',(5.,0.));
#2685 = VECTOR('',#2686,1.);
#2686 = DIRECTION('',(0.,-1.));
#2687 = ( GEOMETRIC_REPRESENTATION_CONTEXT(2) 
PARAMETRIC_REPRESENTATION_CONTEXT() REPRESENTATION_CONTEXT('2D SPACE',''
  ) );
#2688 = ORIENTED_EDGE('',*,*,#2643,.T.);
#2689 = ORIENTED_EDGE('',*,*,#2334,.F.);
#2690 = ORIENTED_EDGE('',*,*,#2539,.F.);
#2691 = ADVANCED_FACE('',(#2692),#2450,.F.);
#2692 = FACE_BOUND('',#2693,.F.);
#2693 = EDGE_LOOP('',(#2694,#2695,#2696,#2717));
#2694 = ORIENTED_EDGE('',*,*,#2434,.T.);
#2695 = ORIENTED_EDGE('',*,*,#2597,.T.);
#2696 = ORIENTED_EDGE('',*,*,#2697,.F.);
#2697 = EDGE_CURVE('',#2489,#2598,#2698,.T.);
#2698 = SURFACE_CURVE('',#2699,(#2703,#2710),.PCURVE_S1.);
#2699 = LINE('',#2700,#2701);
#2700 = CARTESIAN_POINT('',(-5.,6.123233995737E-16,0.));
#2701 = VECTOR('',#2702,1.);
#2702 = DIRECTION('',(0.,0.,1.));
#2703 = PCURVE('',#2450,#2704);
#2704 = DEFINITIONAL_REPRESENTATION('',(#2705),#2709);
#2705 = LINE('',#2706,#2707);
#2706 = CARTESIAN_POINT('',(5.,0.));
#2707 = VECTOR('',#2708,1.);
#2708 = DIRECTION('',(0.,-1.));
#2709 = ( GEOMETRIC_REPRESENTATION_CONTEXT(2) 
PARAMETRIC_REPRESENTATION_CONTEXT() REPRESENTATION_CONTEXT('2D SPACE',''
  ) );
#2710 = PCURVE('',#2527,#2711);
#2711 = DEFINITIONAL_REPRESENTATION('',(#2712),#2716);
#2712 = LINE('',#2713,#2714);
#2713 = CARTESIAN_POINT('',(0.,0.));
#2714 = VECTOR('',#2715,1.);
#2715 = DIRECTION('',(0.,-1.));
#2716 = ( GEOMETRIC_REPRESENTATION_CONTEXT(2) 
PARAMETRIC_REPRESENTATION_CONTEXT() REPRESENTATION_CONTEXT('2D SPACE',''
  ) );
#2717 = ORIENTED_EDGE('',*,*,#2488,.F.);
#2718 = ADVANCED_FACE('',(#2719),#2527,.F.);
#2719 = FACE_BOUND('',#2720,.F.);
#2720 = EDGE_LOOP('',(#2721,#2722,#2723,#2724));
#2721 = ORIENTED_EDGE('',*,*,#2697,.T.);
#2722 = ORIENTED_EDGE('',*,*,#2620,.T.);
#2723 = ORIENTED_EDGE('',*,*,#2668,.F.);
#2724 = ORIENTED_EDGE('',*,*,#2511,.F.);
#2725 = ADVANCED_FACE('',(#2726),#2580,.T.);
#2726 = FACE_BOUND('',#2727,.F.);
#2727 = EDGE_LOOP('',(#2728,#2751,#2752,#2753));
#2728 = ORIENTED_EDGE('',*,*,#2729,.T.);
#2729 = EDGE_CURVE('',#2730,#2564,#2732,.T.);
#2730 = VERTEX_POINT('',#2731);
#2731 = CARTESIAN_POINT('',(3.,0.,-12.));
#2732 = SEAM_CURVE('',#2733,(#2737,#2744),.PCURVE_S1.);
#2733 = LINE('',#2734,#2735);
#2734 = CARTESIAN_POINT('',(3.,0.,-12.));
#2735 = VECTOR('',#2736,1.);
#2736 = DIRECTION('',(0.,0.,1.));
#2737 = PCURVE('',#2580,#2738);
#2738 = DEFINITIONAL_REPRESENTATION('',(#2739),#2743);
#2739 = LINE('',#2740,#2741);
#2740 = CARTESIAN_POINT('',(-0.,0.));
#2741 = VECTOR('',#2742,1.);
#2742 = DIRECTION('',(-0.,-1.));
#2743 = ( GEOMETRIC_REPRESENTATION_CONTEXT(2) 
PARAMETRIC_REPRESENTATION_CONTEXT() REPRESENTATION_CONTEXT('2D SPACE',''
  ) );
#2744 = PCURVE('',#2580,#2745);
#2745 = DEFINITIONAL_REPRESENTATION('',(#2746),#2750);
#2746 = LINE('',#2747,#2748);
#2747 = CARTESIAN_POINT('',(-6.28318530718,0.));
#2748 = VECTOR('',#2749,1.);
#2749 = DIRECTION('',(-0.,-1.));
#2750 = ( GEOMETRIC_REPRESENTATION_CONTEXT(2) 
PARAMETRIC_REPRESENTATION_CONTEXT() REPRESENTATION_CONTEXT('2D SPACE',''
  ) );
#2751 = ORIENTED_EDGE('',*,*,#2563,.T.);
#2752 = ORIENTED_EDGE('',*,*,#2729,.F.);
#2753 = ORIENTED_EDGE('',*,*,#2754,.F.);
#2754 = EDGE_CURVE('',#2730,#2730,#2755,.T.);
#2755 = SURFACE_CURVE('',#2756,(#2761,#2768),.PCURVE_S1.);
#2756 = CIRCLE('',#2757,3.);
#2757 = AXIS2_PLACEMENT_3D('',#2758,#2759,#2760);
#2758 = CARTESIAN_POINT('',(0.,0.,-12.));
#2759 = DIRECTION('',(0.,0.,1.));
#2760 = DIRECTION('',(1.,0.,0.));
#2761 = PCURVE('',#2580,#2762);
#2762 = DEFINITIONAL_REPRESENTATION('',(#2763),#2767);
#2763 = LINE('',#2764,#2765);
#2764 = CARTESIAN_POINT('',(-0.,0.));
#2765 = VECTOR('',#2766,1.);
#2766 = DIRECTION('',(-1.,0.));
#2767 = ( GEOMETRIC_REPRESENTATION_CONTEXT(2) 
PARAMETRIC_REPRESENTATION_CONTEXT() REPRESENTATION_CONTEXT('2D SPACE',''
  ) );
#2768 = PCURVE('',#2769,#2774);
#2769 = PLANE('',#2770);
#2770 = AXIS2_PLACEMENT_3D('',#2771,#2772,#2773);
#2771 = CARTESIAN_POINT('',(-1.709300165674E-16,1.054420088418E-16,-12.)
  );
#2772 = DIRECTION('',(0.,0.,1.));
#2773 = DIRECTION('',(1.,0.,-0.));
#2774 = DEFINITIONAL_REPRESENTATION('',(#2775),#2779);
#2775 = CIRCLE('',#2776,3.);
#2776 = AXIS2_PLACEMENT_2D('',#2777,#2778);
#2777 = CARTESIAN_POINT('',(1.709300165674E-16,-1.054420088418E-16));
#2778 = DIRECTION('',(1.,0.));
#2779 = ( GEOMETRIC_REPRESENTATION_CONTEXT(2) 
PARAMETRIC_REPRESENTATION_CONTEXT() REPRESENTATION_CONTEXT('2D SPACE',''
  ) );
#2780 = ADVANCED_FACE('',(#2781),#2769,.F.);
#2781 = FACE_BOUND('',#2782,.F.);
#2782 = EDGE_LOOP('',(#2783));
#2783 = ORIENTED_EDGE('',*,*,#2754,.T.);
#2784 = ( GEOMETRIC_REPRESENTATION_CONTEXT(3) 
GLOBAL_UNCERTAINTY_ASSIGNED_CONTEXT((#2788)) 
GLOBAL_UNIT_ASSIGNED_CONTEXT((#2785,#2786,#2787)) REPRESENTATION_CONTEXT
('Context #1','3D Context with UNIT and UNCERTAINTY') );
#2785 = ( LENGTH_UNIT() NAMED_UNIT(*) SI_UNIT(.MILLI.,.METRE.) );
#2786 = ( NAMED_UNIT(*) PLANE_ANGLE_UNIT() SI_UNIT($,.RADIAN.) );
#2787 = ( NAMED_UNIT(*) SI_UNIT($,.STERADIAN.) SOLID_ANGLE_UNIT() );
#2788 = UNCERTAINTY_MEASURE_WITH_UNIT(LENGTH_MEASURE(1.E-07),#2785,
  'distance_accuracy_value','confusion accuracy');
#2789 = CONTEXT_DEPENDENT_SHAPE_REPRESENTATION(#2790,#2792);
#2790 = ( REPRESENTATION_RELATIONSHIP('','',#2207,#10) 
REPRESENTATION_RELATIONSHIP_WITH_TRANSFORMATION(#2791) 
SHAPE_REPRESENTATION_RELATIONSHIP() );
#2791 = ITEM_DEFINED_TRANSFORMATION('','',#11,#27);
#2792 = PRODUCT_DEFINITION_SHAPE('Placement','Placement of an item',
  #2793);
#2793 = NEXT_ASSEMBLY_USAGE_OCCURRENCE('49','hex_bolt_3','',#5,#2202,$);
#2794 = PRODUCT_RELATED_PRODUCT_CATEGORY('part',$,(#2204));
#2795 = SHAPE_DEFINITION_REPRESENTATION(#2796,#2802);
#2796 = PRODUCT_DEFINITION_SHAPE('','',#2797);
#2797 = PRODUCT_DEFINITION('design','',#2798,#2801);
#2798 = PRODUCT_DEFINITION_FORMATION('','',#2799);
#2799 = PRODUCT('hex_bolt_4','hex_bolt_4','',(#2800));
#2800 = PRODUCT_CONTEXT('',#2,'mechanical');
#2801 = PRODUCT_DEFINITION_CONTEXT('part definition',#2,'design');
#2802 = ADVANCED_BREP_SHAPE_REPRESENTATION('',(#11,#2803),#3379);
#2803 = MANIFOLD_SOLID_BREP('',#2804);
#2804 = CLOSED_SHELL('',(#2805,#2925,#3001,#3077,#3186,#3259,#3286,#3313
    ,#3320,#3375));
#2805 = ADVANCED_FACE('',(#2806),#2820,.F.);
#2806 = FACE_BOUND('',#2807,.F.);
#2807 = EDGE_LOOP('',(#2808,#2843,#2871,#2899));
#2808 = ORIENTED_EDGE('',*,*,#2809,.T.);
#2809 = EDGE_CURVE('',#2810,#2812,#2814,.T.);
#2810 = VERTEX_POINT('',#2811);
#2811 = CARTESIAN_POINT('',(5.,0.,0.));
#2812 = VERTEX_POINT('',#2813);
#2813 = CARTESIAN_POINT('',(5.,0.,4.));
#2814 = SURFACE_CURVE('',#2815,(#2819,#2831),.PCURVE_S1.);
#2815 = LINE('',#2816,#2817);
#2816 = CARTESIAN_POINT('',(5.,0.,0.));
#2817 = VECTOR('',#2818,1.);
#2818 = DIRECTION('',(0.,0.,1.));
#2819 = PCURVE('',#2820,#2825);
#2820 = PLANE('',#2821);
#2821 = AXIS2_PLACEMENT_3D('',#2822,#2823,#2824);
#2822 = CARTESIAN_POINT('',(5.,0.,0.));
#2823 = DIRECTION('',(-0.866025403784,-0.5,0.));
#2824 = DIRECTION('',(-0.5,0.866025403784,0.));
#2825 = DEFINITIONAL_REPRESENTATION('',(#2826),#2830);
#2826 = LINE('',#2827,#2828);
#2827 = CARTESIAN_POINT('',(0.,0.));
#2828 = VECTOR('',#2829,1.);
#2829 = DIRECTION('',(0.,-1.));
#2830 = ( GEOMETRIC_REPRESENTATION_CONTEXT(2) 
PARAMETRIC_REPRESENTATION_CONTEXT() REPRESENTATION_CONTEXT('2D SPACE',''
  ) );
#2831 = PCURVE('',#2832,#2837);
#2832 = PLANE('',#2833);
#2833 = AXIS2_PLACEMENT_3D('',#2834,#2835,#2836);
#2834 = CARTESIAN_POINT('',(2.5,-4.330127018922,0.));
#2835 = DIRECTION('',(-0.866025403784,0.5,0.));
#2836 = DIRECTION('',(0.5,0.866025403784,0.));
#2837 = DEFINITIONAL_REPRESENTATION('',(#2838),#2842);
#2838 = LINE('',#2839,#2840);
#2839 = CARTESIAN_POINT('',(5.,0.));
#2840 = VECTOR('',#2841,1.);
#2841 = DIRECTION('',(0.,-1.));
#2842 = ( GEOMETRIC_REPRESENTATION_CONTEXT(2) 
PARAMETRIC_REPRESENTATION_CONTEXT() REPRESENTATION_CONTEXT('2D SPACE',''
  ) );
#2843 = ORIENTED_EDGE('',*,*,#2844,.T.);
#2844 = EDGE_CURVE('',#2812,#2845,#2847,.T.);
#2845 = VERTEX_POINT('',#2846);
#2846 = CARTESIAN_POINT('',(2.5,4.330127018922,4.));
#2847 = SURFACE_CURVE('',#2848,(#2852,#2859),.PCURVE_S1.);
#2848 = LINE('',#2849,#2850);
#2849 = CARTESIAN_POINT('',(5.,0.,4.));
#2850 = VECTOR('',#2851,1.);
#2851 = DIRECTION('',(-0.5,0.866025403784,0.));
#2852 = PCURVE('',#2820,#2853);
#2853 = DEFINITIONAL_REPRESENTATION('',(#2854),#2858);
#2854 = LINE('',#2855,#2856);
#2855 = CARTESIAN_POINT('',(0.,-4.));
#2856 = VECTOR('',#2857,1.);
#2857 = DIRECTION('',(1.,0.));
#2858 = ( GEOMETRIC_REPRESENTATION_CONTEXT(2) 
PARAMETRIC_REPRESENTATION_CONTEXT() REPRESENTATION_CONTEXT('2D SPACE',''
  ) );
#2859 = PCURVE('',#2860,#2865);
#2860 = PLANE('',#2861);
#2861 = AXIS2_PLACEMENT_3D('',#2862,#2863,#2864);
#2862 = CARTESIAN_POINT('',(-2.960594732334E-16,3.026543175439E-16,4.));
#2863 = DIRECTION('',(0.,0.,1.));
#2864 = DIRECTION('',(1.,0.,-0.));
#2865 = DEFINITIONAL_REPRESENTATION('',(#2866),#2870);
#2866 = LINE('',#2867,#2868);
#2867 = CARTESIAN_POINT('',(5.,-3.026543175439E-16));
#2868 = VECTOR('',#2869,1.);
#2869 = DIRECTION('',(-0.5,0.866025403784));
#2870 = ( GEOMETRIC_REPRESENTATION_CONTEXT(2) 
PARAMETRIC_REPRESENTATION_CONTEXT() REPRESENTATION_CONTEXT('2D SPACE',''
  ) );
#2871 = ORIENTED_EDGE('',*,*,#2872,.F.);
#2872 = EDGE_CURVE('',#2873,#2845,#2875,.T.);
#2873 = VERTEX_POINT('',#2874);
#2874 = CARTESIAN_POINT('',(2.5,4.330127018922,0.));
#2875 = SURFACE_CURVE('',#2876,(#2880,#2887),.PCURVE_S1.);
#2876 = LINE('',#2877,#2878);
#2877 = CARTESIAN_POINT('',(2.5,4.330127018922,0.));
#2878 = VECTOR('',#2879,1.);
#2879 = DIRECTION('',(0.,0.,1.));
#2880 = PCURVE('',#2820,#2881);
#2881 = DEFINITIONAL_REPRESENTATION('',(#2882),#2886);
#2882 = LINE('',#2883,#2884);
#2883 = CARTESIAN_POINT('',(5.,0.));
#2884 = VECTOR('',#2885,1.);
#2885 = DIRECTION('',(0.,-1.));
#2886 = ( GEOMETRIC_REPRESENTATION_CONTEXT(2) 
PARAMETRIC_REPRESENTATION_CONTEXT() REPRESENTATION_CONTEXT('2D SPACE',''
  ) );
#2887 = PCURVE('',#2888,#2893);
#2888 = PLANE('',#2889);
#2889 = AXIS2_PLACEMENT_3D('',#2890,#2891,#2892);
#2890 = CARTESIAN_POINT('',(2.5,4.330127018922,0.));
#2891 = DIRECTION('',(-1.7763568394E-16,-1.,0.));
#2892 = DIRECTION('',(-1.,1.7763568394E-16,0.));
#2893 = DEFINITIONAL_REPRESENTATION('',(#2894),#2898);
#2894 = LINE('',#2895,#2896);
#2895 = CARTESIAN_POINT('',(0.,0.));
#2896 = VECTOR('',#2897,1.);
#2897 = DIRECTION('',(0.,-1.));
#2898 = ( GEOMETRIC_REPRESENTATION_CONTEXT(2) 
PARAMETRIC_REPRESENTATION_CONTEXT() REPRESENTATION_CONTEXT('2D SPACE',''
  ) );
#2899 = ORIENTED_EDGE('',*,*,#2900,.F.);
#2900 = EDGE_CURVE('',#2810,#2873,#2901,.T.);
#2901 = SURFACE_CURVE('',#2902,(#2906,#2913),.PCURVE_S1.);
#2902 = LINE('',#2903,#2904);
#2903 = CARTESIAN_POINT('',(5.,0.,0.));
#2904 = VECTOR('',#2905,1.);
#2905 = DIRECTION('',(-0.5,0.866025403784,0.));
#2906 = PCURVE('',#2820,#2907);
#2907 = DEFINITIONAL_REPRESENTATION('',(#2908),#2912);
#2908 = LINE('',#2909,#2910);
#2909 = CARTESIAN_POINT('',(0.,0.));
#2910 = VECTOR('',#2911,1.);
#2911 = DIRECTION('',(1.,0.));
#2912 = ( GEOMETRIC_REPRESENTATION_CONTEXT(2) 
PARAMETRIC_REPRESENTATION_CONTEXT() REPRESENTATION_CONTEXT('2D SPACE',''
  ) );
#2913 = PCURVE('',#2914,#2919);
#2914 = PLANE('',#2915);
#2915 = AXIS2_PLACEMENT_3D('',#2916,#2917,#2918);
#2916 = CARTESIAN_POINT('',(-2.960594732334E-16,3.026543175439E-16,0.));
#2917 = DIRECTION('',(0.,0.,1.));
#2918 = DIRECTION('',(1.,0.,-0.));
#2919 = DEFINITIONAL_REPRESENTATION('',(#2920),#2924);
#2920 = LINE('',#2921,#2922);
#2921 = CARTESIAN_POINT('',(5.,-3.026543175439E-16));
#2922 = VECTOR('',#2923,1.);
#2923 = DIRECTION('',(-0.5,0.866025403784));
#2924 = ( GEOMETRIC_REPRESENTATION_CONTEXT(2) 
PARAMETRIC_REPRESENTATION_CONTEXT() REPRESENTATION_CONTEXT('2D SPACE',''
  ) );
#2925 = ADVANCED_FACE('',(#2926),#2832,.F.);
#2926 = FACE_BOUND('',#2927,.F.);
#2927 = EDGE_LOOP('',(#2928,#2958,#2979,#2980));
#2928 = ORIENTED_EDGE('',*,*,#2929,.T.);
#2929 = EDGE_CURVE('',#2930,#2932,#2934,.T.);
#2930 = VERTEX_POINT('',#2931);
#2931 = CARTESIAN_POINT('',(2.5,-4.330127018922,0.));
#2932 = VERTEX_POINT('',#2933);
#2933 = CARTESIAN_POINT('',(2.5,-4.330127018922,4.));
#2934 = SURFACE_CURVE('',#2935,(#2939,#2946),.PCURVE_S1.);
#2935 = LINE('',#2936,#2937);
#2936 = CARTESIAN_POINT('',(2.5,-4.330127018922,0.));
#2937 = VECTOR('',#2938,1.);
#2938 = DIRECTION('',(0.,0.,1.));
#2939 = PCURVE('',#2832,#2940);
#2940 = DEFINITIONAL_REPRESENTATION('',(#2941),#2945);
#2941 = LINE('',#2942,#2943);
#2942 = CARTESIAN_POINT('',(0.,0.));
#2943 = VECTOR('',#2944,1.);
#2944 = DIRECTION('',(0.,-1.));
#2945 = ( GEOMETRIC_REPRESENTATION_CONTEXT(2) 
PARAMETRIC_REPRESENTATION_CONTEXT() REPRESENTATION_CONTEXT('2D SPACE',''
  ) );
#2946 = PCURVE('',#2947,#2952);
#2947 = PLANE('',#2948);
#2948 = AXIS2_PLACEMENT_3D('',#2949,#2950,#2951);
#2949 = CARTESIAN_POINT('',(-2.5,-4.330127018922,0.));
#2950 = DIRECTION('',(7.105427357601E-16,1.,-0.));
#2951 = DIRECTION('',(1.,-7.105427357601E-16,0.));
#2952 = DEFINITIONAL_REPRESENTATION('',(#2953),#2957);
#2953 = LINE('',#2954,#2955);
#2954 = CARTESIAN_POINT('',(5.,0.));
#2955 = VECTOR('',#2956,1.);
#2956 = DIRECTION('',(0.,-1.));
#2957 = ( GEOMETRIC_REPRESENTATION_CONTEXT(2) 
PARAMETRIC_REPRESENTATION_CONTEXT() REPRESENTATION_CONTEXT('2D SPACE',''
  ) );
#2958 = ORIENTED_EDGE('',*,*,#2959,.T.);
#2959 = EDGE_CURVE('',#2932,#2812,#2960,.T.);
#2960 = SURFACE_CURVE('',#2961,(#2965,#2972),.PCURVE_S1.);
#2961 = LINE('',#2962,#2963);
#2962 = CARTESIAN_POINT('',(2.5,-4.330127018922,4.));
#2963 = VECTOR('',#2964,1.);
#2964 = DIRECTION('',(0.5,0.866025403784,0.));
#2965 = PCURVE('',#2832,#2966);
#2966 = DEFINITIONAL_REPRESENTATION('',(#2967),#2971);
#2967 = LINE('',#2968,#2969);
#2968 = CARTESIAN_POINT('',(0.,-4.));
#2969 = VECTOR('',#2970,1.);
#2970 = DIRECTION('',(1.,0.));
#2971 = ( GEOMETRIC_REPRESENTATION_CONTEXT(2) 
PARAMETRIC_REPRESENTATION_CONTEXT() REPRESENTATION_CONTEXT('2D SPACE',''
  ) );
#2972 = PCURVE('',#2860,#2973);
#2973 = DEFINITIONAL_REPRESENTATION('',(#2974),#2978);
#2974 = LINE('',#2975,#2976);
#2975 = CARTESIAN_POINT('',(2.5,-4.330127018922));
#2976 = VECTOR('',#2977,1.);
#2977 = DIRECTION('',(0.5,0.866025403784));
#2978 = ( GEOMETRIC_REPRESENTATION_CONTEXT(2) 
PARAMETRIC_REPRESENTATION_CONTEXT() REPRESENTATION_CONTEXT('2D SPACE',''
  ) );
#2979 = ORIENTED_EDGE('',*,*,#2809,.F.);
#2980 = ORIENTED_EDGE('',*,*,#2981,.F.);
#2981 = EDGE_CURVE('',#2930,#2810,#2982,.T.);
#2982 = SURFACE_CURVE('',#2983,(#2987,#2994),.PCURVE_S1.);
#2983 = LINE('',#2984,#2985);
#2984 = CARTESIAN_POINT('',(2.5,-4.330127018922,0.));
#2985 = VECTOR('',#2986,1.);
#2986 = DIRECTION('',(0.5,0.866025403784,0.));
#2987 = PCURVE('',#2832,#2988);
#2988 = DEFINITIONAL_REPRESENTATION('',(#2989),#2993);
#2989 = LINE('',#2990,#2991);
#2990 = CARTESIAN_POINT('',(0.,0.));
#2991 = VECTOR('',#2992,1.);
#2992 = DIRECTION('',(1.,0.));
#2993 = ( GEOMETRIC_REPRESENTATION_CONTEXT(2) 
PARAMETRIC_REPRESENTATION_CONTEXT() REPRESENTATION_CONTEXT('2D SPACE',''
  ) );
#2994 = PCURVE('',#2914,#2995);
#2995 = DEFINITIONAL_REPRESENTATION('',(#2996),#3000);
#2996 = LINE('',#2997,#2998);
#2997 = CARTESIAN_POINT('',(2.5,-4.330127018922));
#2998 = VECTOR('',#2999,1.);
#2999 = DIRECTION('',(0.5,0.866025403784));
#3000 = ( GEOMETRIC_REPRESENTATION_CONTEXT(2) 
PARAMETRIC_REPRESENTATION_CONTEXT() REPRESENTATION_CONTEXT('2D SPACE',''
  ) );
#3001 = ADVANCED_FACE('',(#3002),#2888,.F.);
#3002 = FACE_BOUND('',#3003,.F.);
#3003 = EDGE_LOOP('',(#3004,#3005,#3028,#3056));
#3004 = ORIENTED_EDGE('',*,*,#2872,.T.);
#3005 = ORIENTED_EDGE('',*,*,#3006,.T.);
#3006 = EDGE_CURVE('',#2845,#3007,#3009,.T.);
#3007 = VERTEX_POINT('',#3008);
#3008 = CARTESIAN_POINT('',(-2.5,4.330127018922,4.));
#3009 = SURFACE_CURVE('',#3010,(#3014,#3021),.PCURVE_S1.);
#3010 = LINE('',#3011,#3012);
#3011 = CARTESIAN_POINT('',(2.5,4.330127018922,4.));
#3012 = VECTOR('',#3013,1.);
#3013 = DIRECTION('',(-1.,1.7763568394E-16,0.));
#3014 = PCURVE('',#2888,#3015);
#3015 = DEFINITIONAL_REPRESENTATION('',(#3016),#3020);
#3016 = LINE('',#3017,#3018);
#3017 = CARTESIAN_POINT('',(0.,-4.));
#3018 = VECTOR('',#3019,1.);
#3019 = DIRECTION('',(1.,0.));
#3020 = ( GEOMETRIC_REPRESENTATION_CONTEXT(2) 
PARAMETRIC_REPRESENTATION_CONTEXT() REPRESENTATION_CONTEXT('2D SPACE',''
  ) );
#3021 = PCURVE('',#2860,#3022);
#3022 = DEFINITIONAL_REPRESENTATION('',(#3023),#3027);
#3023 = LINE('',#3024,#3025);
#3024 = CARTESIAN_POINT('',(2.5,4.330127018922));
#3025 = VECTOR('',#3026,1.);
#3026 = DIRECTION('',(-1.,1.7763568394E-16));
#3027 = ( GEOMETRIC_REPRESENTATION_CONTEXT(2) 
PARAMETRIC_REPRESENTATION_CONTEXT() REPRESENTATION_CONTEXT('2D SPACE',''
  ) );
#3028 = ORIENTED_EDGE('',*,*,#3029,.F.);
#3029 = EDGE_CURVE('',#3030,#3007,#3032,.T.);
#3030 = VERTEX_POINT('',#3031);
#3031 = CARTESIAN_POINT('',(-2.5,4.330127018922,0.));
#3032 = SURFACE_CURVE('',#3033,(#3037,#3044),.PCURVE_S1.);
#3033 = LINE('',#3034,#3035);
#3034 = CARTESIAN_POINT('',(-2.5,4.330127018922,0.));
#3035 = VECTOR('',#3036,1.);
#3036 = DIRECTION('',(0.,0.,1.));
#3037 = PCURVE('',#2888,#3038);
#3038 = DEFINITIONAL_REPRESENTATION('',(#3039),#3043);
#3039 = LINE('',#3040,#3041);
#3040 = CARTESIAN_POINT('',(5.,0.));
#3041 = VECTOR('',#3042,1.);
#3042 = DIRECTION('',(0.,-1.));
#3043 = ( GEOMETRIC_REPRESENTATION_CONTEXT(2) 
PARAMETRIC_REPRESENTATION_CONTEXT() REPRESENTATION_CONTEXT('2D SPACE',''
  ) );
#3044 = PCURVE('',#3045,#3050);
#3045 = PLANE('',#3046);
#3046 = AXIS2_PLACEMENT_3D('',#3047,#3048,#3049);
#3047 = CARTESIAN_POINT('',(-2.5,4.330127018922,0.));
#3048 = DIRECTION('',(0.866025403784,-0.5,0.));
#3049 = DIRECTION('',(-0.5,-0.866025403784,0.));
#3050 = DEFINITIONAL_REPRESENTATION('',(#3051),#3055);
#3051 = LINE('',#3052,#3053);
#3052 = CARTESIAN_POINT('',(0.,0.));
#3053 = VECTOR('',#3054,1.);
#3054 = DIRECTION('',(0.,-1.));
#3055 = ( GEOMETRIC_REPRESENTATION_CONTEXT(2) 
PARAMETRIC_REPRESENTATION_CONTEXT() REPRESENTATION_CONTEXT('2D SPACE',''
  ) );
#3056 = ORIENTED_EDGE('',*,*,#3057,.F.);
#3057 = EDGE_CURVE('',#2873,#3030,#3058,.T.);
#3058 = SURFACE_CURVE('',#3059,(#3063,#3070),.PCURVE_S1.);
#3059 = LINE('',#3060,#3061);
#3060 = CARTESIAN_POINT('',(2.5,4.330127018922,0.));
#3061 = VECTOR('',#3062,1.);
#3062 = DIRECTION('',(-1.,1.7763568394E-16,0.));
#3063 = PCURVE('',#2888,#3064);
#3064 = DEFINITIONAL_REPRESENTATION('',(#3065),#3069);
#3065 = LINE('',#3066,#3067);
#3066 = CARTESIAN_POINT('',(0.,0.));
#3067 = VECTOR('',#3068,1.);
#3068 = DIRECTION('',(1.,0.));
#3069 = ( GEOMETRIC_REPRESENTATION_CONTEXT(2) 
PARAMETRIC_REPRESENTATION_CONTEXT() REPRESENTATION_CONTEXT('2D SPACE',''
  ) );
#3070 = PCURVE('',#2914,#3071);
#3071 = DEFINITIONAL_REPRESENTATION('',(#3072),#3076);
#3072 = LINE('',#3073,#3074);
#3073 = CARTESIAN_POINT('',(2.5,4.330127018922));
#3074 = VECTOR('',#3075,1.);
#3075 = DIRECTION('',(-1.,1.7763568394E-16));
#3076 = ( GEOMETRIC_REPRESENTATION_CONTEXT(2) 
PARAMETRIC_REPRESENTATION_CONTEXT() REPRESENTATION_CONTEXT('2D SPACE',''
  ) );
#3077 = ADVANCED_FACE('',(#3078,#3155),#2914,.F.);
#3078 = FACE_BOUND('',#3079,.F.);
#3079 = EDGE_LOOP('',(#3080,#3081,#3082,#3105,#3133,#3154));
#3080 = ORIENTED_EDGE('',*,*,#2900,.T.);
#3081 = ORIENTED_EDGE('',*,*,#3057,.T.);
#3082 = ORIENTED_EDGE('',*,*,#3083,.T.);
#3083 = EDGE_CURVE('',#3030,#3084,#3086,.T.);
#3084 = VERTEX_POINT('',#3085);
#3085 = CARTESIAN_POINT('',(-5.,6.123233995737E-16,0.));
#3086 = SURFACE_CURVE('',#3087,(#3091,#3098),.PCURVE_S1.);
#3087 = LINE('',#3088,#3089);
#3088 = CARTESIAN_POINT('',(-2.5,4.330127018922,0.));
#3089 = VECTOR('',#3090,1.);
#3090 = DIRECTION('',(-0.5,-0.866025403784,0.));
#3091 = PCURVE('',#2914,#3092);
#3092 = DEFINITIONAL_REPRESENTATION('',(#3093),#3097);
#3093 = LINE('',#3094,#3095);
#3094 = CARTESIAN_POINT('',(-2.5,4.330127018922));
#3095 = VECTOR('',#3096,1.);
#3096 = DIRECTION('',(-0.5,-0.866025403784));
#3097 = ( GEOMETRIC_REPRESENTATION_CONTEXT(2) 
PARAMETRIC_REPRESENTATION_CONTEXT() REPRESENTATION_CONTEXT('2D SPACE',''
  ) );
#3098 = PCURVE('',#3045,#3099);
#3099 = DEFINITIONAL_REPRESENTATION('',(#3100),#3104);
#3100 = LINE('',#3101,#3102);
#3101 = CARTESIAN_POINT('',(0.,0.));
#3102 = VECTOR('',#3103,1.);
#3103 = DIRECTION('',(1.,0.));
#3104 = ( GEOMETRIC_REPRESENTATION_CONTEXT(2) 
PARAMETRIC_REPRESENTATION_CONTEXT() REPRESENTATION_CONTEXT('2D SPACE',''
  ) );
#3105 = ORIENTED_EDGE('',*,*,#3106,.T.);
#3106 = EDGE_CURVE('',#3084,#3107,#3109,.T.);
#3107 = VERTEX_POINT('',#3108);
#3108 = CARTESIAN_POINT('',(-2.5,-4.330127018922,0.));
#3109 = SURFACE_CURVE('',#3110,(#3114,#3121),.PCURVE_S1.);
#3110 = LINE('',#3111,#3112);
#3111 = CARTESIAN_POINT('',(-5.,6.123233995737E-16,0.));
#3112 = VECTOR('',#3113,1.);
#3113 = DIRECTION('',(0.5,-0.866025403784,0.));
#3114 = PCURVE('',#2914,#3115);
#3115 = DEFINITIONAL_REPRESENTATION('',(#3116),#3120);
#3116 = LINE('',#3117,#3118);
#3117 = CARTESIAN_POINT('',(-5.,3.096690820298E-16));
#3118 = VECTOR('',#3119,1.);
#3119 = DIRECTION('',(0.5,-0.866025403784));
#3120 = ( GEOMETRIC_REPRESENTATION_CONTEXT(2) 
PARAMETRIC_REPRESENTATION_CONTEXT() REPRESENTATION_CONTEXT('2D SPACE',''
  ) );
#3121 = PCURVE('',#3122,#3127);
#3122 = PLANE('',#3123);
#3123 = AXIS2_PLACEMENT_3D('',#3124,#3125,#3126);
#3124 = CARTESIAN_POINT('',(-5.,6.123233995737E-16,0.));
#3125 = DIRECTION('',(0.866025403784,0.5,-0.));
#3126 = DIRECTION('',(0.5,-0.866025403784,0.));
#3127 = DEFINITIONAL_REPRESENTATION('',(#3128),#3132);
#3128 = LINE('',#3129,#3130);
#3129 = CARTESIAN_POINT('',(0.,0.));
#3130 = VECTOR('',#3131,1.);
#3131 = DIRECTION('',(1.,0.));
#3132 = ( GEOMETRIC_REPRESENTATION_CONTEXT(2) 
PARAMETRIC_REPRESENTATION_CONTEXT() REPRESENTATION_CONTEXT('2D SPACE',''
  ) );
#3133 = ORIENTED_EDGE('',*,*,#3134,.T.);
#3134 = EDGE_CURVE('',#3107,#2930,#3135,.T.);
#3135 = SURFACE_CURVE('',#3136,(#3140,#3147),.PCURVE_S1.);
#3136 = LINE('',#3137,#3138);
#3137 = CARTESIAN_POINT('',(-2.5,-4.330127018922,0.));
#3138 = VECTOR('',#3139,1.);
#3139 = DIRECTION('',(1.,-7.105427357601E-16,0.));
#3140 = PCURVE('',#2914,#3141);
#3141 = DEFINITIONAL_REPRESENTATION('',(#3142),#3146);
#3142 = LINE('',#3143,#3144);
#3143 = CARTESIAN_POINT('',(-2.5,-4.330127018922));
#3144 = VECTOR('',#3145,1.);
#3145 = DIRECTION('',(1.,-7.105427357601E-16));
#3146 = ( GEOMETRIC_REPRESENTATION_CONTEXT(2) 
PARAMETRIC_REPRESENTATION_CONTEXT() REPRESENTATION_CONTEXT('2D SPACE',''
  ) );
#3147 = PCURVE('',#2947,#3148);
#3148 = DEFINITIONAL_REPRESENTATION('',(#3149),#3153);
#3149 = LINE('',#3150,#3151);
#3150 = CARTESIAN_POINT('',(0.,0.));
#3151 = VECTOR('',#3152,1.);
#3152 = DIRECTION('',(1.,0.));
#3153 = ( GEOMETRIC_REPRESENTATION_CONTEXT(2) 
PARAMETRIC_REPRESENTATION_CONTEXT() REPRESENTATION_CONTEXT('2D SPACE',''
  ) );
#3154 = ORIENTED_EDGE('',*,*,#2981,.T.);
#3155 = FACE_BOUND('',#3156,.F.);
#3156 = EDGE_LOOP('',(#3157));
#3157 = ORIENTED_EDGE('',*,*,#3158,.F.);
#3158 = EDGE_CURVE('',#3159,#3159,#3161,.T.);
#3159 = VERTEX_POINT('',#3160);
#3160 = CARTESIAN_POINT('',(3.,0.,0.));
#3161 = SURFACE_CURVE('',#3162,(#3167,#3174),.PCURVE_S1.);
#3162 = CIRCLE('',#3163,3.);
#3163 = AXIS2_PLACEMENT_3D('',#3164,#3165,#3166);
#3164 = CARTESIAN_POINT('',(0.,0.,0.));
#3165 = DIRECTION('',(0.,0.,1.));
#3166 = DIRECTION('',(1.,0.,0.));
#3167 = PCURVE('',#2914,#3168);
#3168 = DEFINITIONAL_REPRESENTATION('',(#3169),#3173);
#3169 = CIRCLE('',#3170,3.);
#3170 = AXIS2_PLACEMENT_2D('',#3171,#3172);
#3171 = CARTESIAN_POINT('',(2.960594732334E-16,-3.026543175439E-16));
#3172 = DIRECTION('',(1.,0.));
#3173 = ( GEOMETRIC_REPRESENTATION_CONTEXT(2) 
PARAMETRIC_REPRESENTATION_CONTEXT() REPRESENTATION_CONTEXT('2D SPACE',''
  ) );
#3174 = PCURVE('',#3175,#3180);
#3175 = CYLINDRICAL_SURFACE('',#3176,3.);
#3176 = AXIS2_PLACEMENT_3D('',#3177,#3178,#3179);
#3177 = CARTESIAN_POINT('',(0.,0.,-12.));
#3178 = DIRECTION('',(-0.,-0.,-1.));
#3179 = DIRECTION('',(1.,0.,0.));
#3180 = DEFINITIONAL_REPRESENTATION('',(#3181),#3185);
#3181 = LINE('',#3182,#3183);
#3182 = CARTESIAN_POINT('',(-0.,-12.));
#3183 = VECTOR('',#3184,1.);
#3184 = DIRECTION('',(-1.,0.));
#3185 = ( GEOMETRIC_REPRESENTATION_CONTEXT(2) 
PARAMETRIC_REPRESENTATION_CONTEXT() REPRESENTATION_CONTEXT('2D SPACE',''
  ) );
#3186 = ADVANCED_FACE('',(#3187),#2860,.T.);
#3187 = FACE_BOUND('',#3188,.T.);
#3188 = EDGE_LOOP('',(#3189,#3190,#3191,#3214,#3237,#3258));
#3189 = ORIENTED_EDGE('',*,*,#2844,.T.);
#3190 = ORIENTED_EDGE('',*,*,#3006,.T.);
#3191 = ORIENTED_EDGE('',*,*,#3192,.T.);
#3192 = EDGE_CURVE('',#3007,#3193,#3195,.T.);
#3193 = VERTEX_POINT('',#3194);
#3194 = CARTESIAN_POINT('',(-5.,6.123233995737E-16,4.));
#3195 = SURFACE_CURVE('',#3196,(#3200,#3207),.PCURVE_S1.);
#3196 = LINE('',#3197,#3198);
#3197 = CARTESIAN_POINT('',(-2.5,4.330127018922,4.));
#3198 = VECTOR('',#3199,1.);
#3199 = DIRECTION('',(-0.5,-0.866025403784,0.));
#3200 = PCURVE('',#2860,#3201);
#3201 = DEFINITIONAL_REPRESENTATION('',(#3202),#3206);
#3202 = LINE('',#3203,#3204);
#3203 = CARTESIAN_POINT('',(-2.5,4.330127018922));
#3204 = VECTOR('',#3205,1.);
#3205 = DIRECTION('',(-0.5,-0.866025403784));
#3206 = ( GEOMETRIC_REPRESENTATION_CONTEXT(2) 
PARAMETRIC_REPRESENTATION_CONTEXT() REPRESENTATION_CONTEXT('2D SPACE',''
  ) );
#3207 = PCURVE('',#3045,#3208);
#3208 = DEFINITIONAL_REPRESENTATION('',(#3209),#3213);
#3209 = LINE('',#3210,#3211);
#3210 = CARTESIAN_POINT('',(0.,-4.));
#3211 = VECTOR('',#3212,1.);
#3212 = DIRECTION('',(1.,0.));
#3213 = ( GEOMETRIC_REPRESENTATION_CONTEXT(2) 
PARAMETRIC_REPRESENTATION_CONTEXT() REPRESENTATION_CONTEXT('2D SPACE',''
  ) );
#3214 = ORIENTED_EDGE('',*,*,#3215,.T.);
#3215 = EDGE_CURVE('',#3193,#3216,#3218,.T.);
#3216 = VERTEX_POINT('',#3217);
#3217 = CARTESIAN_POINT('',(-2.5,-4.330127018922,4.));
#3218 = SURFACE_CURVE('',#3219,(#3223,#3230),.PCURVE_S1.);
#3219 = LINE('',#3220,#3221);
#3220 = CARTESIAN_POINT('',(-5.,6.123233995737E-16,4.));
#3221 = VECTOR('',#3222,1.);
#3222 = DIRECTION('',(0.5,-0.866025403784,0.));
#3223 = PCURVE('',#2860,#3224);
#3224 = DEFINITIONAL_REPRESENTATION('',(#3225),#3229);
#3225 = LINE('',#3226,#3227);
#3226 = CARTESIAN_POINT('',(-5.,3.096690820298E-16));
#3227 = VECTOR('',#3228,1.);
#3228 = DIRECTION('',(0.5,-0.866025403784));
#3229 = ( GEOMETRIC_REPRESENTATION_CONTEXT(2) 
PARAMETRIC_REPRESENTATION_CONTEXT() REPRESENTATION_CONTEXT('2D SPACE',''
  ) );
#3230 = PCURVE('',#3122,#3231);
#3231 = DEFINITIONAL_REPRESENTATION('',(#3232),#3236);
#3232 = LINE('',#3233,#3234);
#3233 = CARTESIAN_POINT('',(0.,-4.));
#3234 = VECTOR('',#3235,1.);
#3235 = DIRECTION('',(1.,0.));
#3236 = ( GEOMETRIC_REPRESENTATION_CONTEXT(2) 
PARAMETRIC_REPRESENTATION_CONTEXT() REPRESENTATION_CONTEXT('2D SPACE',''
  ) );
#3237 = ORIENTED_EDGE('',*,*,#3238,.T.);
#3238 = EDGE_CURVE('',#3216,#2932,#3239,.T.);
#3239 = SURFACE_CURVE('',#3240,(#3244,#3251),.PCURVE_S1.);
#3240 = LINE('',#3241,#3242);
#3241 = CARTESIAN_POINT('',(-2.5,-4.330127018922,4.));
#3242 = VECTOR('',#3243,1.);
#3243 = DIRECTION('',(1.,-7.105427357601E-16,0.));
#3244 = PCURVE('',#2860,#3245);
#3245 = DEFINITIONAL_REPRESENTATION('',(#3246),#3250);
#3246 = LINE('',#3247,#3248);
#3247 = CARTESIAN_POINT('',(-2.5,-4.330127018922));
#3248 = VECTOR('',#3249,1.);
#3249 = DIRECTION('',(1.,-7.105427357601E-16));
#3250 = ( GEOMETRIC_REPRESENTATION_CONTEXT(2) 
PARAMETRIC_REPRESENTATION_CONTEXT() REPRESENTATION_CONTEXT('2D SPACE',''
  ) );
#3251 = PCURVE('',#2947,#3252);
#3252 = DEFINITIONAL_REPRESENTATION('',(#3253),#3257);
#3253 = LINE('',#3254,#3255);
#3254 = CARTESIAN_POINT('',(0.,-4.));
#3255 = VECTOR('',#3256,1.);
#3256 = DIRECTION('',(1.,0.));
#3257 = ( GEOMETRIC_REPRESENTATION_CONTEXT(2) 
PARAMETRIC_REPRESENTATION_CONTEXT() REPRESENTATION_CONTEXT('2D SPACE',''
  ) );
#3258 = ORIENTED_EDGE('',*,*,#2959,.T.);
#3259 = ADVANCED_FACE('',(#3260),#2947,.F.);
#3260 = FACE_BOUND('',#3261,.F.);
#3261 = EDGE_LOOP('',(#3262,#3283,#3284,#3285));
#3262 = ORIENTED_EDGE('',*,*,#3263,.T.);
#3263 = EDGE_CURVE('',#3107,#3216,#3264,.T.);
#3264 = SURFACE_CURVE('',#3265,(#3269,#3276),.PCURVE_S1.);
#3265 = LINE('',#3266,#3267);
#3266 = CARTESIAN_POINT('',(-2.5,-4.330127018922,0.));
#3267 = VECTOR('',#3268,1.);
#3268 = DIRECTION('',(0.,0.,1.));
#3269 = PCURVE('',#2947,#3270);
#3270 = DEFINITIONAL_REPRESENTATION('',(#3271),#3275);
#3271 = LINE('',#3272,#3273);
#3272 = CARTESIAN_POINT('',(0.,0.));
#3273 = VECTOR('',#3274,1.);
#3274 = DIRECTION('',(0.,-1.));
#3275 = ( GEOMETRIC_REPRESENTATION_CONTEXT(2) 
PARAMETRIC_REPRESENTATION_CONTEXT() REPRESENTATION_CONTEXT('2D SPACE',''
  ) );
#3276 = PCURVE('',#3122,#3277);
#3277 = DEFINITIONAL_REPRESENTATION('',(#3278),#3282);
#3278 = LINE('',#3279,#3280);
#3279 = CARTESIAN_POINT('',(5.,0.));
#3280 = VECTOR('',#3281,1.);
#3281 = DIRECTION('',(0.,-1.));
#3282 = ( GEOMETRIC_REPRESENTATION_CONTEXT(2) 
PARAMETRIC_REPRESENTATION_CONTEXT() REPRESENTATION_CONTEXT('2D SPACE',''
  ) );
#3283 = ORIENTED_EDGE('',*,*,#3238,.T.);
#3284 = ORIENTED_EDGE('',*,*,#2929,.F.);
#3285 = ORIENTED_EDGE('',*,*,#3134,.F.);
#3286 = ADVANCED_FACE('',(#3287),#3045,.F.);
#3287 = FACE_BOUND('',#3288,.F.);
#3288 = EDGE_LOOP('',(#3289,#3290,#3291,#3312));
#3289 = ORIENTED_EDGE('',*,*,#3029,.T.);
#3290 = ORIENTED_EDGE('',*,*,#3192,.T.);
#3291 = ORIENTED_EDGE('',*,*,#3292,.F.);
#3292 = EDGE_CURVE('',#3084,#3193,#3293,.T.);
#3293 = SURFACE_CURVE('',#3294,(#3298,#3305),.PCURVE_S1.);
#3294 = LINE('',#3295,#3296);
#3295 = CARTESIAN_POINT('',(-5.,6.123233995737E-16,0.));
#3296 = VECTOR('',#3297,1.);
#3297 = DIRECTION('',(0.,0.,1.));
#3298 = PCURVE('',#3045,#3299);
#3299 = DEFINITIONAL_REPRESENTATION('',(#3300),#3304);
#3300 = LINE('',#3301,#3302);
#3301 = CARTESIAN_POINT('',(5.,0.));
#3302 = VECTOR('',#3303,1.);
#3303 = DIRECTION('',(0.,-1.));
#3304 = ( GEOMETRIC_REPRESENTATION_CONTEXT(2) 
PARAMETRIC_REPRESENTATION_CONTEXT() REPRESENTATION_CONTEXT('2D SPACE',''
  ) );
#3305 = PCURVE('',#3122,#3306);
#3306 = DEFINITIONAL_REPRESENTATION('',(#3307),#3311);
#3307 = LINE('',#3308,#3309);
#3308 = CARTESIAN_POINT('',(0.,0.));
#3309 = VECTOR('',#3310,1.);
#3310 = DIRECTION('',(0.,-1.));
#3311 = ( GEOMETRIC_REPRESENTATION_CONTEXT(2) 
PARAMETRIC_REPRESENTATION_CONTEXT() REPRESENTATION_CONTEXT('2D SPACE',''
  ) );
#3312 = ORIENTED_EDGE('',*,*,#3083,.F.);
#3313 = ADVANCED_FACE('',(#3314),#3122,.F.);
#3314 = FACE_BOUND('',#3315,.F.);
#3315 = EDGE_LOOP('',(#3316,#3317,#3318,#3319));
#3316 = ORIENTED_EDGE('',*,*,#3292,.T.);
#3317 = ORIENTED_EDGE('',*,*,#3215,.T.);
#3318 = ORIENTED_EDGE('',*,*,#3263,.F.);
#3319 = ORIENTED_EDGE('',*,*,#3106,.F.);
#3320 = ADVANCED_FACE('',(#3321),#3175,.T.);
#3321 = FACE_BOUND('',#3322,.F.);
#3322 = EDGE_LOOP('',(#3323,#3346,#3347,#3348));
#3323 = ORIENTED_EDGE('',*,*,#3324,.T.);
#3324 = EDGE_CURVE('',#3325,#3159,#3327,.T.);
#3325 = VERTEX_POINT('',#3326);
#3326 = CARTESIAN_POINT('',(3.,0.,-12.));
#3327 = SEAM_CURVE('',#3328,(#3332,#3339),.PCURVE_S1.);
#3328 = LINE('',#3329,#3330);
#3329 = CARTESIAN_POINT('',(3.,0.,-12.));
#3330 = VECTOR('',#3331,1.);
#3331 = DIRECTION('',(0.,0.,1.));
#3332 = PCURVE('',#3175,#3333);
#3333 = DEFINITIONAL_REPRESENTATION('',(#3334),#3338);
#3334 = LINE('',#3335,#3336);
#3335 = CARTESIAN_POINT('',(-0.,0.));
#3336 = VECTOR('',#3337,1.);
#3337 = DIRECTION('',(-0.,-1.));
#3338 = ( GEOMETRIC_REPRESENTATION_CONTEXT(2) 
PARAMETRIC_REPRESENTATION_CONTEXT() REPRESENTATION_CONTEXT('2D SPACE',''
  ) );
#3339 = PCURVE('',#3175,#3340);
#3340 = DEFINITIONAL_REPRESENTATION('',(#3341),#3345);
#3341 = LINE('',#3342,#3343);
#3342 = CARTESIAN_POINT('',(-6.28318530718,0.));
#3343 = VECTOR('',#3344,1.);
#3344 = DIRECTION('',(-0.,-1.));
#3345 = ( GEOMETRIC_REPRESENTATION_CONTEXT(2) 
PARAMETRIC_REPRESENTATION_CONTEXT() REPRESENTATION_CONTEXT('2D SPACE',''
  ) );
#3346 = ORIENTED_EDGE('',*,*,#3158,.T.);
#3347 = ORIENTED_EDGE('',*,*,#3324,.F.);
#3348 = ORIENTED_EDGE('',*,*,#3349,.F.);
#3349 = EDGE_CURVE('',#3325,#3325,#3350,.T.);
#3350 = SURFACE_CURVE('',#3351,(#3356,#3363),.PCURVE_S1.);
#3351 = CIRCLE('',#3352,3.);
#3352 = AXIS2_PLACEMENT_3D('',#3353,#3354,#3355);
#3353 = CARTESIAN_POINT('',(0.,0.,-12.));
#3354 = DIRECTION('',(0.,0.,1.));
#3355 = DIRECTION('',(1.,0.,0.));
#3356 = PCURVE('',#3175,#3357);
#3357 = DEFINITIONAL_REPRESENTATION('',(#3358),#3362);
#3358 = LINE('',#3359,#3360);
#3359 = CARTESIAN_POINT('',(-0.,0.));
#3360 = VECTOR('',#3361,1.);
#3361 = DIRECTION('',(-1.,0.));
#3362 = ( GEOMETRIC_REPRESENTATION_CONTEXT(2) 
PARAMETRIC_REPRESENTATION_CONTEXT() REPRESENTATION_CONTEXT('2D SPACE',''
  ) );
#3363 = PCURVE('',#3364,#3369);
#3364 = PLANE('',#3365);
#3365 = AXIS2_PLACEMENT_3D('',#3366,#3367,#3368);
#3366 = CARTESIAN_POINT('',(-1.709300165674E-16,1.054420088418E-16,-12.)
  );
#3367 = DIRECTION('',(0.,0.,1.));
#3368 = DIRECTION('',(1.,0.,-0.));
#3369 = DEFINITIONAL_REPRESENTATION('',(#3370),#3374);
#3370 = CIRCLE('',#3371,3.);
#3371 = AXIS2_PLACEMENT_2D('',#3372,#3373);
#3372 = CARTESIAN_POINT('',(1.709300165674E-16,-1.054420088418E-16));
#3373 = DIRECTION('',(1.,0.));
#3374 = ( GEOMETRIC_REPRESENTATION_CONTEXT(2) 
PARAMETRIC_REPRESENTATION_CONTEXT() REPRESENTATION_CONTEXT('2D SPACE',''
  ) );
#3375 = ADVANCED_FACE('',(#3376),#3364,.F.);
#3376 = FACE_BOUND('',#3377,.F.);
#3377 = EDGE_LOOP('',(#3378));
#3378 = ORIENTED_EDGE('',*,*,#3349,.T.);
#3379 = ( GEOMETRIC_REPRESENTATION_CONTEXT(3) 
GLOBAL_UNCERTAINTY_ASSIGNED_CONTEXT((#3383)) 
GLOBAL_UNIT_ASSIGNED_CONTEXT((#3380,#3381,#3382)) REPRESENTATION_CONTEXT
('Context #1','3D Context with UNIT and UNCERTAINTY') );
#3380 = ( LENGTH_UNIT() NAMED_UNIT(*) SI_UNIT(.MILLI.,.METRE.) );
#3381 = ( NAMED_UNIT(*) PLANE_ANGLE_UNIT() SI_UNIT($,.RADIAN.) );
#3382 = ( NAMED_UNIT(*) SI_UNIT($,.STERADIAN.) SOLID_ANGLE_UNIT() );
#3383 = UNCERTAINTY_MEASURE_WITH_UNIT(LENGTH_MEASURE(1.E-07),#3380,
  'distance_accuracy_value','confusion accuracy');
#3384 = CONTEXT_DEPENDENT_SHAPE_REPRESENTATION(#3385,#3387);
#3385 = ( REPRESENTATION_RELATIONSHIP('','',#2802,#10) 
REPRESENTATION_RELATIONSHIP_WITH_TRANSFORMATION(#3386) 
SHAPE_REPRESENTATION_RELATIONSHIP() );
#3386 = ITEM_DEFINED_TRANSFORMATION('','',#11,#31);
#3387 = PRODUCT_DEFINITION_SHAPE('Placement','Placement of an item',
  #3388);
#3388 = NEXT_ASSEMBLY_USAGE_OCCURRENCE('50','hex_bolt_4','',#5,#2797,$);
#3389 = PRODUCT_RELATED_PRODUCT_CATEGORY('part',$,(#2799));
#3390 = SHAPE_DEFINITION_REPRESENTATION(#3391,#3397);
#3391 = PRODUCT_DEFINITION_SHAPE('','',#3392);
#3392 = PRODUCT_DEFINITION('design','',#3393,#3396);
#3393 = PRODUCT_DEFINITION_FORMATION('','',#3394);
#3394 = PRODUCT('brake_rotor_1','brake_rotor_1','',(#3395));
#3395 = PRODUCT_CONTEXT('',#2,'mechanical');
#3396 = PRODUCT_DEFINITION_CONTEXT('part definition',#2,'design');
#3397 = ADVANCED_BREP_SHAPE_REPRESENTATION('',(#11,#3398),#4236);
#3398 = MANIFOLD_SOLID_BREP('',#3399);
#3399 = CLOSED_SHELL('',(#3400,#3488,#3702,#3741,#3800,#3854,#3908,#3962
    ,#4016,#4070,#4129,#4179,#4209));
#3400 = ADVANCED_FACE('',(#3401),#3415,.T.);
#3401 = FACE_BOUND('',#3402,.F.);
#3402 = EDGE_LOOP('',(#3403,#3433,#3460,#3461));
#3403 = ORIENTED_EDGE('',*,*,#3404,.T.);
#3404 = EDGE_CURVE('',#3405,#3407,#3409,.T.);
#3405 = VERTEX_POINT('',#3406);
#3406 = CARTESIAN_POINT('',(60.,0.,0.));
#3407 = VERTEX_POINT('',#3408);
#3408 = CARTESIAN_POINT('',(60.,0.,3.5));
#3409 = SEAM_CURVE('',#3410,(#3414,#3426),.PCURVE_S1.);
#3410 = LINE('',#3411,#3412);
#3411 = CARTESIAN_POINT('',(60.,0.,0.));
#3412 = VECTOR('',#3413,1.);
#3413 = DIRECTION('',(0.,0.,1.));
#3414 = PCURVE('',#3415,#3420);
#3415 = CYLINDRICAL_SURFACE('',#3416,60.);
#3416 = AXIS2_PLACEMENT_3D('',#3417,#3418,#3419);
#3417 = CARTESIAN_POINT('',(0.,0.,0.));
#3418 = DIRECTION('',(-0.,-0.,-1.));
#3419 = DIRECTION('',(1.,0.,0.));
#3420 = DEFINITIONAL_REPRESENTATION('',(#3421),#3425);
#3421 = LINE('',#3422,#3423);
#3422 = CARTESIAN_POINT('',(-0.,0.));
#3423 = VECTOR('',#3424,1.);
#3424 = DIRECTION('',(-0.,-1.));
#3425 = ( GEOMETRIC_REPRESENTATION_CONTEXT(2) 
PARAMETRIC_REPRESENTATION_CONTEXT() REPRESENTATION_CONTEXT('2D SPACE',''
  ) );
#3426 = PCURVE('',#3415,#3427);
#3427 = DEFINITIONAL_REPRESENTATION('',(#3428),#3432);
#3428 = LINE('',#3429,#3430);
#3429 = CARTESIAN_POINT('',(-6.28318530718,0.));
#3430 = VECTOR('',#3431,1.);
#3431 = DIRECTION('',(-0.,-1.));
#3432 = ( GEOMETRIC_REPRESENTATION_CONTEXT(2) 
PARAMETRIC_REPRESENTATION_CONTEXT() REPRESENTATION_CONTEXT('2D SPACE',''
  ) );
#3433 = ORIENTED_EDGE('',*,*,#3434,.T.);
#3434 = EDGE_CURVE('',#3407,#3407,#3435,.T.);
#3435 = SURFACE_CURVE('',#3436,(#3441,#3448),.PCURVE_S1.);
#3436 = CIRCLE('',#3437,60.);
#3437 = AXIS2_PLACEMENT_3D('',#3438,#3439,#3440);
#3438 = CARTESIAN_POINT('',(0.,0.,3.5));
#3439 = DIRECTION('',(0.,0.,1.));
#3440 = DIRECTION('',(1.,0.,0.));
#3441 = PCURVE('',#3415,#3442);
#3442 = DEFINITIONAL_REPRESENTATION('',(#3443),#3447);
#3443 = LINE('',#3444,#3445);
#3444 = CARTESIAN_POINT('',(-0.,-3.5));
#3445 = VECTOR('',#3446,1.);
#3446 = DIRECTION('',(-1.,0.));
#3447 = ( GEOMETRIC_REPRESENTATION_CONTEXT(2) 
PARAMETRIC_REPRESENTATION_CONTEXT() REPRESENTATION_CONTEXT('2D SPACE',''
  ) );
#3448 = PCURVE('',#3449,#3454);
#3449 = PLANE('',#3450);
#3450 = AXIS2_PLACEMENT_3D('',#3451,#3452,#3453);
#3451 = CARTESIAN_POINT('',(-4.375808424126E-15,4.679120177894E-16,3.5)
  );
#3452 = DIRECTION('',(0.,0.,1.));
#3453 = DIRECTION('',(1.,0.,-0.));
#3454 = DEFINITIONAL_REPRESENTATION('',(#3455),#3459);
#3455 = CIRCLE('',#3456,60.);
#3456 = AXIS2_PLACEMENT_2D('',#3457,#3458);
#3457 = CARTESIAN_POINT('',(4.375808424126E-15,-4.679120177894E-16));
#3458 = DIRECTION('',(1.,0.));
#3459 = ( GEOMETRIC_REPRESENTATION_CONTEXT(2) 
PARAMETRIC_REPRESENTATION_CONTEXT() REPRESENTATION_CONTEXT('2D SPACE',''
  ) );
#3460 = ORIENTED_EDGE('',*,*,#3404,.F.);
#3461 = ORIENTED_EDGE('',*,*,#3462,.F.);
#3462 = EDGE_CURVE('',#3405,#3405,#3463,.T.);
#3463 = SURFACE_CURVE('',#3464,(#3469,#3476),.PCURVE_S1.);
#3464 = CIRCLE('',#3465,60.);
#3465 = AXIS2_PLACEMENT_3D('',#3466,#3467,#3468);
#3466 = CARTESIAN_POINT('',(0.,0.,0.));
#3467 = DIRECTION('',(0.,0.,1.));
#3468 = DIRECTION('',(1.,0.,0.));
#3469 = PCURVE('',#3415,#3470);
#3470 = DEFINITIONAL_REPRESENTATION('',(#3471),#3475);
#3471 = LINE('',#3472,#3473);
#3472 = CARTESIAN_POINT('',(-0.,0.));
#3473 = VECTOR('',#3474,1.);
#3474 = DIRECTION('',(-1.,0.));
#3475 = ( GEOMETRIC_REPRESENTATION_CONTEXT(2) 
PARAMETRIC_REPRESENTATION_CONTEXT() REPRESENTATION_CONTEXT('2D SPACE',''
  ) );
#3476 = PCURVE('',#3477,#3482);
#3477 = PLANE('',#3478);
#3478 = AXIS2_PLACEMENT_3D('',#3479,#3480,#3481);
#3479 = CARTESIAN_POINT('',(-4.375808424126E-15,4.679120177894E-16,0.));
#3480 = DIRECTION('',(0.,0.,1.));
#3481 = DIRECTION('',(1.,0.,-0.));
#3482 = DEFINITIONAL_REPRESENTATION('',(#3483),#3487);
#3483 = CIRCLE('',#3484,60.);
#3484 = AXIS2_PLACEMENT_2D('',#3485,#3486);
#3485 = CARTESIAN_POINT('',(4.375808424126E-15,-4.679120177894E-16));
#3486 = DIRECTION('',(1.,0.));
#3487 = ( GEOMETRIC_REPRESENTATION_CONTEXT(2) 
PARAMETRIC_REPRESENTATION_CONTEXT() REPRESENTATION_CONTEXT('2D SPACE',''
  ) );
#3488 = ADVANCED_FACE('',(#3489,#3492,#3527,#3562,#3597,#3632,#3667),
  #3477,.F.);
#3489 = FACE_BOUND('',#3490,.F.);
#3490 = EDGE_LOOP('',(#3491));
#3491 = ORIENTED_EDGE('',*,*,#3462,.T.);
#3492 = FACE_BOUND('',#3493,.F.);
#3493 = EDGE_LOOP('',(#3494));
#3494 = ORIENTED_EDGE('',*,*,#3495,.T.);
#3495 = EDGE_CURVE('',#3496,#3496,#3498,.T.);
#3496 = VERTEX_POINT('',#3497);
#3497 = CARTESIAN_POINT('',(-18.60739087062,-13.51906080272,0.));
#3498 = SURFACE_CURVE('',#3499,(#3504,#3515),.PCURVE_S1.);
#3499 = CIRCLE('',#3500,3.25);
#3500 = AXIS2_PLACEMENT_3D('',#3501,#3502,#3503);
#3501 = CARTESIAN_POINT('',(-21.23669610234,-15.42936287267,0.));
#3502 = DIRECTION('',(0.,0.,-1.));
#3503 = DIRECTION('',(0.809016994375,0.587785252292,0.));
#3504 = PCURVE('',#3477,#3505);
#3505 = DEFINITIONAL_REPRESENTATION('',(#3506),#3514);
#3506 = ( BOUNDED_CURVE() B_SPLINE_CURVE(2,(#3507,#3508,#3509,#3510,
#3511,#3512,#3513),.UNSPECIFIED.,.T.,.F.) B_SPLINE_CURVE_WITH_KNOTS((1,2
    ,2,2,2,1),(-2.094395102393,0.,2.094395102393,4.188790204786,
6.28318530718,8.377580409573),.UNSPECIFIED.) CURVE() 
GEOMETRIC_REPRESENTATION_ITEM() RATIONAL_B_SPLINE_CURVE((1.,0.5,1.,0.5,
1.,0.5,1.)) REPRESENTATION_ITEM('') );
#3507 = CARTESIAN_POINT('',(-18.60739087062,-13.51906080272));
#3508 = CARTESIAN_POINT('',(-15.29865062766,-18.07315105267));
#3509 = CARTESIAN_POINT('',(-20.89697859672,-18.66155903262));
#3510 = CARTESIAN_POINT('',(-26.49530656578,-19.24996701257));
#3511 = CARTESIAN_POINT('',(-24.20571883968,-14.10746878268));
#3512 = CARTESIAN_POINT('',(-21.91613111358,-8.964970552784));
#3513 = CARTESIAN_POINT('',(-18.60739087062,-13.51906080272));
#3514 = ( GEOMETRIC_REPRESENTATION_CONTEXT(2) 
PARAMETRIC_REPRESENTATION_CONTEXT() REPRESENTATION_CONTEXT('2D SPACE',''
  ) );
#3515 = PCURVE('',#3516,#3521);
#3516 = CYLINDRICAL_SURFACE('',#3517,3.25);
#3517 = AXIS2_PLACEMENT_3D('',#3518,#3519,#3520);
#3518 = CARTESIAN_POINT('',(-21.23669610234,-15.42936287267,12.));
#3519 = DIRECTION('',(0.,-0.,-1.));
#3520 = DIRECTION('',(0.809016994375,0.587785252292,0.));
#3521 = DEFINITIONAL_REPRESENTATION('',(#3522),#3526);
#3522 = LINE('',#3523,#3524);
#3523 = CARTESIAN_POINT('',(2.913845647833E-18,12.));
#3524 = VECTOR('',#3525,1.);
#3525 = DIRECTION('',(1.,0.));
#3526 = ( GEOMETRIC_REPRESENTATION_CONTEXT(2) 
PARAMETRIC_REPRESENTATION_CONTEXT() REPRESENTATION_CONTEXT('2D SPACE',''
  ) );
#3527 = FACE_BOUND('',#3528,.F.);
#3528 = EDGE_LOOP('',(#3529));
#3529 = ORIENTED_EDGE('',*,*,#3530,.T.);
#3530 = EDGE_CURVE('',#3531,#3531,#3533,.T.);
#3531 = VERTEX_POINT('',#3532);
#3532 = CARTESIAN_POINT('',(7.107390870624,-21.87429987478,0.));
#3533 = SURFACE_CURVE('',#3534,(#3539,#3550),.PCURVE_S1.);
#3534 = CIRCLE('',#3535,3.25);
#3535 = AXIS2_PLACEMENT_3D('',#3536,#3537,#3538);
#3536 = CARTESIAN_POINT('',(8.111696102342,-24.96523355274,0.));
#3537 = DIRECTION('',(0.,0.,-1.));
#3538 = DIRECTION('',(-0.309016994375,0.951056516295,0.));
#3539 = PCURVE('',#3477,#3540);
#3540 = DEFINITIONAL_REPRESENTATION('',(#3541),#3549);
#3541 = ( BOUNDED_CURVE() B_SPLINE_CURVE(2,(#3542,#3543,#3544,#3545,
#3546,#3547,#3548),.UNSPECIFIED.,.T.,.F.) B_SPLINE_CURVE_WITH_KNOTS((1,2
    ,2,2,2,1),(-2.094395102393,0.,2.094395102393,4.188790204786,
6.28318530718,8.377580409573),.UNSPECIFIED.) CURVE() 
GEOMETRIC_REPRESENTATION_ITEM() RATIONAL_B_SPLINE_CURVE((1.,0.5,1.,0.5,
1.,0.5,1.)) REPRESENTATION_ITEM('') );
#3542 = CARTESIAN_POINT('',(7.107390870624,-21.87429987478));
#3543 = CARTESIAN_POINT('',(12.461045043675,-20.13479218714));
#3544 = CARTESIAN_POINT('',(11.290675804727,-25.6409465479));
#3545 = CARTESIAN_POINT('',(10.12030656578,-31.14710090866));
#3546 = CARTESIAN_POINT('',(5.937021631676,-27.38045423554));
#3547 = CARTESIAN_POINT('',(1.753736697573,-23.61380756243));
#3548 = CARTESIAN_POINT('',(7.107390870624,-21.87429987478));
#3549 = ( GEOMETRIC_REPRESENTATION_CONTEXT(2) 
PARAMETRIC_REPRESENTATION_CONTEXT() REPRESENTATION_CONTEXT('2D SPACE',''
  ) );
#3550 = PCURVE('',#3551,#3556);
#3551 = CYLINDRICAL_SURFACE('',#3552,3.25);
#3552 = AXIS2_PLACEMENT_3D('',#3553,#3554,#3555);
#3553 = CARTESIAN_POINT('',(8.111696102342,-24.96523355274,12.));
#3554 = DIRECTION('',(0.,0.,-1.));
#3555 = DIRECTION('',(-0.309016994375,0.951056516295,0.));
#3556 = DEFINITIONAL_REPRESENTATION('',(#3557),#3561);
#3557 = LINE('',#3558,#3559);
#3558 = CARTESIAN_POINT('',(0.,12.));
#3559 = VECTOR('',#3560,1.);
#3560 = DIRECTION('',(1.,0.));
#3561 = ( GEOMETRIC_REPRESENTATION_CONTEXT(2) 
PARAMETRIC_REPRESENTATION_CONTEXT() REPRESENTATION_CONTEXT('2D SPACE',''
  ) );
#3562 = FACE_BOUND('',#3563,.F.);
#3563 = EDGE_LOOP('',(#3564));
#3564 = ORIENTED_EDGE('',*,*,#3565,.T.);
#3565 = EDGE_CURVE('',#3566,#3566,#3568,.T.);
#3566 = VERTEX_POINT('',#3567);
#3567 = CARTESIAN_POINT('',(-10.5,-1.089446902021E-15,0.));
#3568 = SURFACE_CURVE('',#3569,(#3574,#3585),.PCURVE_S1.);
#3569 = CIRCLE('',#3570,10.5);
#3570 = AXIS2_PLACEMENT_3D('',#3571,#3572,#3573);
#3571 = CARTESIAN_POINT('',(0.,1.482311376189E-15,0.));
#3572 = DIRECTION('',(0.,0.,-1.));
#3573 = DIRECTION('',(-1.,0.,0.));
#3574 = PCURVE('',#3477,#3575);
#3575 = DEFINITIONAL_REPRESENTATION('',(#3576),#3584);
#3576 = ( BOUNDED_CURVE() B_SPLINE_CURVE(2,(#3577,#3578,#3579,#3580,
#3581,#3582,#3583),.UNSPECIFIED.,.T.,.F.) B_SPLINE_CURVE_WITH_KNOTS((1,2
    ,2,2,2,1),(-2.094395102393,0.,2.094395102393,4.188790204786,
6.28318530718,8.377580409573),.UNSPECIFIED.) CURVE() 
GEOMETRIC_REPRESENTATION_ITEM() RATIONAL_B_SPLINE_CURVE((1.,0.5,1.,0.5,
1.,0.5,1.)) REPRESENTATION_ITEM('') );
#3577 = CARTESIAN_POINT('',(-10.5,1.014399358399E-15));
#3578 = CARTESIAN_POINT('',(-10.5,18.186533479473));
#3579 = CARTESIAN_POINT('',(5.25,9.093266739737));
#3580 = CARTESIAN_POINT('',(21.,3.586157636609E-15));
#3581 = CARTESIAN_POINT('',(5.25,-9.093266739737));
#3582 = CARTESIAN_POINT('',(-10.5,-18.18653347947));
#3583 = CARTESIAN_POINT('',(-10.5,1.014399358399E-15));
#3584 = ( GEOMETRIC_REPRESENTATION_CONTEXT(2) 
PARAMETRIC_REPRESENTATION_CONTEXT() REPRESENTATION_CONTEXT('2D SPACE',''
  ) );
#3585 = PCURVE('',#3586,#3591);
#3586 = CYLINDRICAL_SURFACE('',#3587,10.5);
#3587 = AXIS2_PLACEMENT_3D('',#3588,#3589,#3590);
#3588 = CARTESIAN_POINT('',(0.,1.482311376189E-15,12.));
#3589 = DIRECTION('',(0.,0.,-1.));
#3590 = DIRECTION('',(-1.,0.,0.));
#3591 = DEFINITIONAL_REPRESENTATION('',(#3592),#3596);
#3592 = LINE('',#3593,#3594);
#3593 = CARTESIAN_POINT('',(0.,12.));
#3594 = VECTOR('',#3595,1.);
#3595 = DIRECTION('',(1.,0.));
#3596 = ( GEOMETRIC_REPRESENTATION_CONTEXT(2) 
PARAMETRIC_REPRESENTATION_CONTEXT() REPRESENTATION_CONTEXT('2D SPACE',''
  ) );
#3597 = FACE_BOUND('',#3598,.F.);
#3598 = EDGE_LOOP('',(#3599));
#3599 = ORIENTED_EDGE('',*,*,#3600,.T.);
#3600 = EDGE_CURVE('',#3601,#3601,#3603,.T.);
#3601 = VERTEX_POINT('',#3602);
#3602 = CARTESIAN_POINT('',(-18.60739087062,13.519060802727,0.));
#3603 = SURFACE_CURVE('',#3604,(#3609,#3620),.PCURVE_S1.);
#3604 = CIRCLE('',#3605,3.25);
#3605 = AXIS2_PLACEMENT_3D('',#3606,#3607,#3608);
#3606 = CARTESIAN_POINT('',(-21.23669610234,15.429362872677,0.));
#3607 = DIRECTION('',(-0.,0.,-1.));
#3608 = DIRECTION('',(0.809016994375,-0.587785252292,-0.));
#3609 = PCURVE('',#3477,#3610);
#3610 = DEFINITIONAL_REPRESENTATION('',(#3611),#3619);
#3611 = ( BOUNDED_CURVE() B_SPLINE_CURVE(2,(#3612,#3613,#3614,#3615,
#3616,#3617,#3618),.UNSPECIFIED.,.T.,.F.) B_SPLINE_CURVE_WITH_KNOTS((1,2
    ,2,2,2,1),(-2.094395102393,0.,2.094395102393,4.188790204786,
6.28318530718,8.377580409573),.UNSPECIFIED.) CURVE() 
GEOMETRIC_REPRESENTATION_ITEM() RATIONAL_B_SPLINE_CURVE((1.,0.5,1.,0.5,
1.,0.5,1.)) REPRESENTATION_ITEM('') );
#3612 = CARTESIAN_POINT('',(-18.60739087062,13.519060802727));
#3613 = CARTESIAN_POINT('',(-21.91613111358,8.964970552784));
#3614 = CARTESIAN_POINT('',(-24.20571883968,14.107468782681));
#3615 = CARTESIAN_POINT('',(-26.49530656578,19.249967012578));
#3616 = CARTESIAN_POINT('',(-20.89697859672,18.661559032624));
#3617 = CARTESIAN_POINT('',(-15.29865062766,18.07315105267));
#3618 = CARTESIAN_POINT('',(-18.60739087062,13.519060802727));
#3619 = ( GEOMETRIC_REPRESENTATION_CONTEXT(2) 
PARAMETRIC_REPRESENTATION_CONTEXT() REPRESENTATION_CONTEXT('2D SPACE',''
  ) );
#3620 = PCURVE('',#3621,#3626);
#3621 = CYLINDRICAL_SURFACE('',#3622,3.25);
#3622 = AXIS2_PLACEMENT_3D('',#3623,#3624,#3625);
#3623 = CARTESIAN_POINT('',(-21.23669610234,15.429362872677,12.));
#3624 = DIRECTION('',(-0.,0.,-1.));
#3625 = DIRECTION('',(0.809016994375,-0.587785252292,0.));
#3626 = DEFINITIONAL_REPRESENTATION('',(#3627),#3631);
#3627 = LINE('',#3628,#3629);
#3628 = CARTESIAN_POINT('',(2.164781173596E-17,12.));
#3629 = VECTOR('',#3630,1.);
#3630 = DIRECTION('',(1.,0.));
#3631 = ( GEOMETRIC_REPRESENTATION_CONTEXT(2) 
PARAMETRIC_REPRESENTATION_CONTEXT() REPRESENTATION_CONTEXT('2D SPACE',''
  ) );
#3632 = FACE_BOUND('',#3633,.F.);
#3633 = EDGE_LOOP('',(#3634));
#3634 = ORIENTED_EDGE('',*,*,#3635,.T.);
#3635 = EDGE_CURVE('',#3636,#3636,#3638,.T.);
#3636 = VERTEX_POINT('',#3637);
#3637 = CARTESIAN_POINT('',(23.,-7.960204194458E-16,0.));
#3638 = SURFACE_CURVE('',#3639,(#3644,#3655),.PCURVE_S1.);
#3639 = CIRCLE('',#3640,3.25);
#3640 = AXIS2_PLACEMENT_3D('',#3641,#3642,#3643);
#3641 = CARTESIAN_POINT('',(26.25,0.,0.));
#3642 = DIRECTION('',(0.,0.,-1.));
#3643 = DIRECTION('',(-1.,0.,0.));
#3644 = PCURVE('',#3477,#3645);
#3645 = DEFINITIONAL_REPRESENTATION('',(#3646),#3654);
#3646 = ( BOUNDED_CURVE() B_SPLINE_CURVE(2,(#3647,#3648,#3649,#3650,
#3651,#3652,#3653),.UNSPECIFIED.,.T.,.F.) B_SPLINE_CURVE_WITH_KNOTS((1,2
    ,2,2,2,1),(-2.094395102393,0.,2.094395102393,4.188790204786,
6.28318530718,8.377580409573),.UNSPECIFIED.) CURVE() 
GEOMETRIC_REPRESENTATION_ITEM() RATIONAL_B_SPLINE_CURVE((1.,0.5,1.,0.5,
1.,0.5,1.)) REPRESENTATION_ITEM('') );
#3647 = CARTESIAN_POINT('',(23.,-4.679120177894E-16));
#3648 = CARTESIAN_POINT('',(23.,5.629165124599));
#3649 = CARTESIAN_POINT('',(27.875,2.814582562299));
#3650 = CARTESIAN_POINT('',(32.75,3.281084016564E-16));
#3651 = CARTESIAN_POINT('',(27.875,-2.814582562299));
#3652 = CARTESIAN_POINT('',(23.,-5.629165124599));
#3653 = CARTESIAN_POINT('',(23.,-4.679120177894E-16));
#3654 = ( GEOMETRIC_REPRESENTATION_CONTEXT(2) 
PARAMETRIC_REPRESENTATION_CONTEXT() REPRESENTATION_CONTEXT('2D SPACE',''
  ) );
#3655 = PCURVE('',#3656,#3661);
#3656 = CYLINDRICAL_SURFACE('',#3657,3.25);
#3657 = AXIS2_PLACEMENT_3D('',#3658,#3659,#3660);
#3658 = CARTESIAN_POINT('',(26.25,0.,12.));
#3659 = DIRECTION('',(0.,0.,-1.));
#3660 = DIRECTION('',(-1.,0.,0.));
#3661 = DEFINITIONAL_REPRESENTATION('',(#3662),#3666);
#3662 = LINE('',#3663,#3664);
#3663 = CARTESIAN_POINT('',(0.,12.));
#3664 = VECTOR('',#3665,1.);
#3665 = DIRECTION('',(1.,0.));
#3666 = ( GEOMETRIC_REPRESENTATION_CONTEXT(2) 
PARAMETRIC_REPRESENTATION_CONTEXT() REPRESENTATION_CONTEXT('2D SPACE',''
  ) );
#3667 = FACE_BOUND('',#3668,.F.);
#3668 = EDGE_LOOP('',(#3669));
#3669 = ORIENTED_EDGE('',*,*,#3670,.T.);
#3670 = EDGE_CURVE('',#3671,#3671,#3673,.T.);
#3671 = VERTEX_POINT('',#3672);
#3672 = CARTESIAN_POINT('',(7.107390870624,21.874299874789,0.));
#3673 = SURFACE_CURVE('',#3674,(#3679,#3690),.PCURVE_S1.);
#3674 = CIRCLE('',#3675,3.25);
#3675 = AXIS2_PLACEMENT_3D('',#3676,#3677,#3678);
#3676 = CARTESIAN_POINT('',(8.111696102342,24.965233552748,0.));
#3677 = DIRECTION('',(0.,0.,-1.));
#3678 = DIRECTION('',(-0.309016994375,-0.951056516295,-0.));
#3679 = PCURVE('',#3477,#3680);
#3680 = DEFINITIONAL_REPRESENTATION('',(#3681),#3689);
#3681 = ( BOUNDED_CURVE() B_SPLINE_CURVE(2,(#3682,#3683,#3684,#3685,
#3686,#3687,#3688),.UNSPECIFIED.,.T.,.F.) B_SPLINE_CURVE_WITH_KNOTS((1,2
    ,2,2,2,1),(-2.094395102393,0.,2.094395102393,4.188790204786,
6.28318530718,8.377580409573),.UNSPECIFIED.) CURVE() 
GEOMETRIC_REPRESENTATION_ITEM() RATIONAL_B_SPLINE_CURVE((1.,0.5,1.,0.5,
1.,0.5,1.)) REPRESENTATION_ITEM('') );
#3682 = CARTESIAN_POINT('',(7.107390870624,21.874299874789));
#3683 = CARTESIAN_POINT('',(1.753736697573,23.613807562432));
#3684 = CARTESIAN_POINT('',(5.937021631676,27.380454235549));
#3685 = CARTESIAN_POINT('',(10.12030656578,31.147100908666));
#3686 = CARTESIAN_POINT('',(11.290675804727,25.640946547906));
#3687 = CARTESIAN_POINT('',(12.461045043675,20.134792187145));
#3688 = CARTESIAN_POINT('',(7.107390870624,21.874299874789));
#3689 = ( GEOMETRIC_REPRESENTATION_CONTEXT(2) 
PARAMETRIC_REPRESENTATION_CONTEXT() REPRESENTATION_CONTEXT('2D SPACE',''
  ) );
#3690 = PCURVE('',#3691,#3696);
#3691 = CYLINDRICAL_SURFACE('',#3692,3.25);
#3692 = AXIS2_PLACEMENT_3D('',#3693,#3694,#3695);
#3693 = CARTESIAN_POINT('',(8.111696102342,24.965233552748,12.));
#3694 = DIRECTION('',(0.,0.,-1.));
#3695 = DIRECTION('',(-0.309016994375,-0.951056516295,0.));
#3696 = DEFINITIONAL_REPRESENTATION('',(#3697),#3701);
#3697 = LINE('',#3698,#3699);
#3698 = CARTESIAN_POINT('',(1.470587118627E-17,12.));
#3699 = VECTOR('',#3700,1.);
#3700 = DIRECTION('',(1.,0.));
#3701 = ( GEOMETRIC_REPRESENTATION_CONTEXT(2) 
PARAMETRIC_REPRESENTATION_CONTEXT() REPRESENTATION_CONTEXT('2D SPACE',''
  ) );
#3702 = ADVANCED_FACE('',(#3703,#3706),#3449,.T.);
#3703 = FACE_BOUND('',#3704,.T.);
#3704 = EDGE_LOOP('',(#3705));
#3705 = ORIENTED_EDGE('',*,*,#3434,.T.);
#3706 = FACE_BOUND('',#3707,.T.);
#3707 = EDGE_LOOP('',(#3708));
#3708 = ORIENTED_EDGE('',*,*,#3709,.T.);
#3709 = EDGE_CURVE('',#3710,#3710,#3712,.T.);
#3710 = VERTEX_POINT('',#3711);
#3711 = CARTESIAN_POINT('',(31.5,0.,3.5));
#3712 = SURFACE_CURVE('',#3713,(#3718,#3729),.PCURVE_S1.);
#3713 = CIRCLE('',#3714,31.5);
#3714 = AXIS2_PLACEMENT_3D('',#3715,#3716,#3717);
#3715 = CARTESIAN_POINT('',(0.,0.,3.5));
#3716 = DIRECTION('',(0.,0.,-1.));
#3717 = DIRECTION('',(1.,0.,0.));
#3718 = PCURVE('',#3449,#3719);
#3719 = DEFINITIONAL_REPRESENTATION('',(#3720),#3728);
#3720 = ( BOUNDED_CURVE() B_SPLINE_CURVE(2,(#3721,#3722,#3723,#3724,
#3725,#3726,#3727),.UNSPECIFIED.,.T.,.F.) B_SPLINE_CURVE_WITH_KNOTS((1,2
    ,2,2,2,1),(-2.094395102393,0.,2.094395102393,4.188790204786,
6.28318530718,8.377580409573),.UNSPECIFIED.) CURVE() 
GEOMETRIC_REPRESENTATION_ITEM() RATIONAL_B_SPLINE_CURVE((1.,0.5,1.,0.5,
1.,0.5,1.)) REPRESENTATION_ITEM('') );
#3721 = CARTESIAN_POINT('',(31.5,-4.679120177894E-16));
#3722 = CARTESIAN_POINT('',(31.5,-54.55960043842));
#3723 = CARTESIAN_POINT('',(-15.75,-27.27980021921));
#3724 = CARTESIAN_POINT('',(-63.,-8.183186852418E-15));
#3725 = CARTESIAN_POINT('',(-15.75,27.27980021921));
#3726 = CARTESIAN_POINT('',(31.5,54.55960043842));
#3727 = CARTESIAN_POINT('',(31.5,-4.679120177894E-16));
#3728 = ( GEOMETRIC_REPRESENTATION_CONTEXT(2) 
PARAMETRIC_REPRESENTATION_CONTEXT() REPRESENTATION_CONTEXT('2D SPACE',''
  ) );
#3729 = PCURVE('',#3730,#3735);
#3730 = CYLINDRICAL_SURFACE('',#3731,31.5);
#3731 = AXIS2_PLACEMENT_3D('',#3732,#3733,#3734);
#3732 = CARTESIAN_POINT('',(0.,0.,0.));
#3733 = DIRECTION('',(-0.,-0.,-1.));
#3734 = DIRECTION('',(1.,0.,0.));
#3735 = DEFINITIONAL_REPRESENTATION('',(#3736),#3740);
#3736 = LINE('',#3737,#3738);
#3737 = CARTESIAN_POINT('',(-6.28318530718,-3.5));
#3738 = VECTOR('',#3739,1.);
#3739 = DIRECTION('',(1.,-0.));
#3740 = ( GEOMETRIC_REPRESENTATION_CONTEXT(2) 
PARAMETRIC_REPRESENTATION_CONTEXT() REPRESENTATION_CONTEXT('2D SPACE',''
  ) );
#3741 = ADVANCED_FACE('',(#3742),#3516,.F.);
#3742 = FACE_BOUND('',#3743,.F.);
#3743 = EDGE_LOOP('',(#3744,#3745,#3768,#3799));
#3744 = ORIENTED_EDGE('',*,*,#3495,.F.);
#3745 = ORIENTED_EDGE('',*,*,#3746,.F.);
#3746 = EDGE_CURVE('',#3747,#3496,#3749,.T.);
#3747 = VERTEX_POINT('',#3748);
#3748 = CARTESIAN_POINT('',(-18.60739087062,-13.51906080272,12.));
#3749 = SEAM_CURVE('',#3750,(#3754,#3761),.PCURVE_S1.);
#3750 = LINE('',#3751,#3752);
#3751 = CARTESIAN_POINT('',(-18.60739087062,-13.51906080272,12.));
#3752 = VECTOR('',#3753,1.);
#3753 = DIRECTION('',(0.,-0.,-1.));
#3754 = PCURVE('',#3516,#3755);
#3755 = DEFINITIONAL_REPRESENTATION('',(#3756),#3760);
#3756 = LINE('',#3757,#3758);
#3757 = CARTESIAN_POINT('',(6.28318530718,-0.));
#3758 = VECTOR('',#3759,1.);
#3759 = DIRECTION('',(0.,1.));
#3760 = ( GEOMETRIC_REPRESENTATION_CONTEXT(2) 
PARAMETRIC_REPRESENTATION_CONTEXT() REPRESENTATION_CONTEXT('2D SPACE',''
  ) );
#3761 = PCURVE('',#3516,#3762);
#3762 = DEFINITIONAL_REPRESENTATION('',(#3763),#3767);
#3763 = LINE('',#3764,#3765);
#3764 = CARTESIAN_POINT('',(0.,-0.));
#3765 = VECTOR('',#3766,1.);
#3766 = DIRECTION('',(0.,1.));
#3767 = ( GEOMETRIC_REPRESENTATION_CONTEXT(2) 
PARAMETRIC_REPRESENTATION_CONTEXT() REPRESENTATION_CONTEXT('2D SPACE',''
  ) );
#3768 = ORIENTED_EDGE('',*,*,#3769,.T.);
#3769 = EDGE_CURVE('',#3747,#3747,#3770,.T.);
#3770 = SURFACE_CURVE('',#3771,(#3776,#3783),.PCURVE_S1.);
#3771 = CIRCLE('',#3772,3.25);
#3772 = AXIS2_PLACEMENT_3D('',#3773,#3774,#3775);
#3773 = CARTESIAN_POINT('',(-21.23669610234,-15.42936287267,12.));
#3774 = DIRECTION('',(0.,0.,-1.));
#3775 = DIRECTION('',(0.809016994375,0.587785252292,0.));
#3776 = PCURVE('',#3516,#3777);
#3777 = DEFINITIONAL_REPRESENTATION('',(#3778),#3782);
#3778 = LINE('',#3779,#3780);
#3779 = CARTESIAN_POINT('',(0.,0.));
#3780 = VECTOR('',#3781,1.);
#3781 = DIRECTION('',(1.,0.));
#3782 = ( GEOMETRIC_REPRESENTATION_CONTEXT(2) 
PARAMETRIC_REPRESENTATION_CONTEXT() REPRESENTATION_CONTEXT('2D SPACE',''
  ) );
#3783 = PCURVE('',#3784,#3789);
#3784 = PLANE('',#3785);
#3785 = AXIS2_PLACEMENT_3D('',#3786,#3787,#3788);
#3786 = CARTESIAN_POINT('',(-2.083718297203E-15,1.492411923833E-15,12.)
  );
#3787 = DIRECTION('',(0.,0.,1.));
#3788 = DIRECTION('',(1.,0.,-0.));
#3789 = DEFINITIONAL_REPRESENTATION('',(#3790),#3798);
#3790 = ( BOUNDED_CURVE() B_SPLINE_CURVE(2,(#3791,#3792,#3793,#3794,
#3795,#3796,#3797),.UNSPECIFIED.,.T.,.F.) B_SPLINE_CURVE_WITH_KNOTS((1,2
    ,2,2,2,1),(-2.094395102393,0.,2.094395102393,4.188790204786,
6.28318530718,8.377580409573),.UNSPECIFIED.) CURVE() 
GEOMETRIC_REPRESENTATION_ITEM() RATIONAL_B_SPLINE_CURVE((1.,0.5,1.,0.5,
1.,0.5,1.)) REPRESENTATION_ITEM('') );
#3791 = CARTESIAN_POINT('',(-18.60739087062,-13.51906080272));
#3792 = CARTESIAN_POINT('',(-15.29865062766,-18.07315105267));
#3793 = CARTESIAN_POINT('',(-20.89697859672,-18.66155903262));
#3794 = CARTESIAN_POINT('',(-26.49530656578,-19.24996701257));
#3795 = CARTESIAN_POINT('',(-24.20571883968,-14.10746878268));
#3796 = CARTESIAN_POINT('',(-21.91613111358,-8.964970552784));
#3797 = CARTESIAN_POINT('',(-18.60739087062,-13.51906080272));
#3798 = ( GEOMETRIC_REPRESENTATION_CONTEXT(2) 
PARAMETRIC_REPRESENTATION_CONTEXT() REPRESENTATION_CONTEXT('2D SPACE',''
  ) );
#3799 = ORIENTED_EDGE('',*,*,#3746,.T.);
#3800 = ADVANCED_FACE('',(#3801),#3551,.F.);
#3801 = FACE_BOUND('',#3802,.F.);
#3802 = EDGE_LOOP('',(#3803,#3804,#3827,#3853));
#3803 = ORIENTED_EDGE('',*,*,#3530,.F.);
#3804 = ORIENTED_EDGE('',*,*,#3805,.F.);
#3805 = EDGE_CURVE('',#3806,#3531,#3808,.T.);
#3806 = VERTEX_POINT('',#3807);
#3807 = CARTESIAN_POINT('',(7.107390870624,-21.87429987478,12.));
#3808 = SEAM_CURVE('',#3809,(#3813,#3820),.PCURVE_S1.);
#3809 = LINE('',#3810,#3811);
#3810 = CARTESIAN_POINT('',(7.107390870624,-21.87429987478,12.));
#3811 = VECTOR('',#3812,1.);
#3812 = DIRECTION('',(0.,0.,-1.));
#3813 = PCURVE('',#3551,#3814);
#3814 = DEFINITIONAL_REPRESENTATION('',(#3815),#3819);
#3815 = LINE('',#3816,#3817);
#3816 = CARTESIAN_POINT('',(6.28318530718,-0.));
#3817 = VECTOR('',#3818,1.);
#3818 = DIRECTION('',(0.,1.));
#3819 = ( GEOMETRIC_REPRESENTATION_CONTEXT(2) 
PARAMETRIC_REPRESENTATION_CONTEXT() REPRESENTATION_CONTEXT('2D SPACE',''
  ) );
#3820 = PCURVE('',#3551,#3821);
#3821 = DEFINITIONAL_REPRESENTATION('',(#3822),#3826);
#3822 = LINE('',#3823,#3824);
#3823 = CARTESIAN_POINT('',(0.,-0.));
#3824 = VECTOR('',#3825,1.);
#3825 = DIRECTION('',(0.,1.));
#3826 = ( GEOMETRIC_REPRESENTATION_CONTEXT(2) 
PARAMETRIC_REPRESENTATION_CONTEXT() REPRESENTATION_CONTEXT('2D SPACE',''
  ) );
#3827 = ORIENTED_EDGE('',*,*,#3828,.T.);
#3828 = EDGE_CURVE('',#3806,#3806,#3829,.T.);
#3829 = SURFACE_CURVE('',#3830,(#3835,#3842),.PCURVE_S1.);
#3830 = CIRCLE('',#3831,3.25);
#3831 = AXIS2_PLACEMENT_3D('',#3832,#3833,#3834);
#3832 = CARTESIAN_POINT('',(8.111696102342,-24.96523355274,12.));
#3833 = DIRECTION('',(0.,0.,-1.));
#3834 = DIRECTION('',(-0.309016994375,0.951056516295,0.));
#3835 = PCURVE('',#3551,#3836);
#3836 = DEFINITIONAL_REPRESENTATION('',(#3837),#3841);
#3837 = LINE('',#3838,#3839);
#3838 = CARTESIAN_POINT('',(0.,0.));
#3839 = VECTOR('',#3840,1.);
#3840 = DIRECTION('',(1.,0.));
#3841 = ( GEOMETRIC_REPRESENTATION_CONTEXT(2) 
PARAMETRIC_REPRESENTATION_CONTEXT() REPRESENTATION_CONTEXT('2D SPACE',''
  ) );
#3842 = PCURVE('',#3784,#3843);
#3843 = DEFINITIONAL_REPRESENTATION('',(#3844),#3852);
#3844 = ( BOUNDED_CURVE() B_SPLINE_CURVE(2,(#3845,#3846,#3847,#3848,
#3849,#3850,#3851),.UNSPECIFIED.,.T.,.F.) B_SPLINE_CURVE_WITH_KNOTS((1,2
    ,2,2,2,1),(-2.094395102393,0.,2.094395102393,4.188790204786,
6.28318530718,8.377580409573),.UNSPECIFIED.) CURVE() 
GEOMETRIC_REPRESENTATION_ITEM() RATIONAL_B_SPLINE_CURVE((1.,0.5,1.,0.5,
1.,0.5,1.)) REPRESENTATION_ITEM('') );
#3845 = CARTESIAN_POINT('',(7.107390870624,-21.87429987478));
#3846 = CARTESIAN_POINT('',(12.461045043675,-20.13479218714));
#3847 = CARTESIAN_POINT('',(11.290675804727,-25.6409465479));
#3848 = CARTESIAN_POINT('',(10.12030656578,-31.14710090866));
#3849 = CARTESIAN_POINT('',(5.937021631676,-27.38045423554));
#3850 = CARTESIAN_POINT('',(1.753736697573,-23.61380756243));
#3851 = CARTESIAN_POINT('',(7.107390870624,-21.87429987478));
#3852 = ( GEOMETRIC_REPRESENTATION_CONTEXT(2) 
PARAMETRIC_REPRESENTATION_CONTEXT() REPRESENTATION_CONTEXT('2D SPACE',''
  ) );
#3853 = ORIENTED_EDGE('',*,*,#3805,.T.);
#3854 = ADVANCED_FACE('',(#3855),#3586,.F.);
#3855 = FACE_BOUND('',#3856,.F.);
#3856 = EDGE_LOOP('',(#3857,#3858,#3881,#3907));
#3857 = ORIENTED_EDGE('',*,*,#3565,.F.);
#3858 = ORIENTED_EDGE('',*,*,#3859,.F.);
#3859 = EDGE_CURVE('',#3860,#3566,#3862,.T.);
#3860 = VERTEX_POINT('',#3861);
#3861 = CARTESIAN_POINT('',(-10.5,-1.089446902021E-15,12.));
#3862 = SEAM_CURVE('',#3863,(#3867,#3874),.PCURVE_S1.);
#3863 = LINE('',#3864,#3865);
#3864 = CARTESIAN_POINT('',(-10.5,-1.089446902021E-15,12.));
#3865 = VECTOR('',#3866,1.);
#3866 = DIRECTION('',(0.,0.,-1.));
#3867 = PCURVE('',#3586,#3868);
#3868 = DEFINITIONAL_REPRESENTATION('',(#3869),#3873);
#3869 = LINE('',#3870,#3871);
#3870 = CARTESIAN_POINT('',(6.28318530718,-0.));
#3871 = VECTOR('',#3872,1.);
#3872 = DIRECTION('',(0.,1.));
#3873 = ( GEOMETRIC_REPRESENTATION_CONTEXT(2) 
PARAMETRIC_REPRESENTATION_CONTEXT() REPRESENTATION_CONTEXT('2D SPACE',''
  ) );
#3874 = PCURVE('',#3586,#3875);
#3875 = DEFINITIONAL_REPRESENTATION('',(#3876),#3880);
#3876 = LINE('',#3877,#3878);
#3877 = CARTESIAN_POINT('',(0.,-0.));
#3878 = VECTOR('',#3879,1.);
#3879 = DIRECTION('',(0.,1.));
#3880 = ( GEOMETRIC_REPRESENTATION_CONTEXT(2) 
PARAMETRIC_REPRESENTATION_CONTEXT() REPRESENTATION_CONTEXT('2D SPACE',''
  ) );
#3881 = ORIENTED_EDGE('',*,*,#3882,.T.);
#3882 = EDGE_CURVE('',#3860,#3860,#3883,.T.);
#3883 = SURFACE_CURVE('',#3884,(#3889,#3896),.PCURVE_S1.);
#3884 = CIRCLE('',#3885,10.5);
#3885 = AXIS2_PLACEMENT_3D('',#3886,#3887,#3888);
#3886 = CARTESIAN_POINT('',(0.,1.482311376189E-15,12.));
#3887 = DIRECTION('',(0.,0.,-1.));
#3888 = DIRECTION('',(-1.,0.,0.));
#3889 = PCURVE('',#3586,#3890);
#3890 = DEFINITIONAL_REPRESENTATION('',(#3891),#3895);
#3891 = LINE('',#3892,#3893);
#3892 = CARTESIAN_POINT('',(0.,0.));
#3893 = VECTOR('',#3894,1.);
#3894 = DIRECTION('',(1.,0.));
#3895 = ( GEOMETRIC_REPRESENTATION_CONTEXT(2) 
PARAMETRIC_REPRESENTATION_CONTEXT() REPRESENTATION_CONTEXT('2D SPACE',''
  ) );
#3896 = PCURVE('',#3784,#3897);
#3897 = DEFINITIONAL_REPRESENTATION('',(#3898),#3906);
#3898 = ( BOUNDED_CURVE() B_SPLINE_CURVE(2,(#3899,#3900,#3901,#3902,
#3903,#3904,#3905),.UNSPECIFIED.,.T.,.F.) B_SPLINE_CURVE_WITH_KNOTS((1,2
    ,2,2,2,1),(-2.094395102393,0.,2.094395102393,4.188790204786,
6.28318530718,8.377580409573),.UNSPECIFIED.) CURVE() 
GEOMETRIC_REPRESENTATION_ITEM() RATIONAL_B_SPLINE_CURVE((1.,0.5,1.,0.5,
1.,0.5,1.)) REPRESENTATION_ITEM('') );
#3899 = CARTESIAN_POINT('',(-10.5,-1.010054764365E-17));
#3900 = CARTESIAN_POINT('',(-10.5,18.186533479473));
#3901 = CARTESIAN_POINT('',(5.25,9.093266739737));
#3902 = CARTESIAN_POINT('',(21.,2.561657730566E-15));
#3903 = CARTESIAN_POINT('',(5.25,-9.093266739737));
#3904 = CARTESIAN_POINT('',(-10.5,-18.18653347947));
#3905 = CARTESIAN_POINT('',(-10.5,-1.010054764365E-17));
#3906 = ( GEOMETRIC_REPRESENTATION_CONTEXT(2) 
PARAMETRIC_REPRESENTATION_CONTEXT() REPRESENTATION_CONTEXT('2D SPACE',''
  ) );
#3907 = ORIENTED_EDGE('',*,*,#3859,.T.);
#3908 = ADVANCED_FACE('',(#3909),#3621,.F.);
#3909 = FACE_BOUND('',#3910,.F.);
#3910 = EDGE_LOOP('',(#3911,#3912,#3935,#3961));
#3911 = ORIENTED_EDGE('',*,*,#3600,.F.);
#3912 = ORIENTED_EDGE('',*,*,#3913,.F.);
#3913 = EDGE_CURVE('',#3914,#3601,#3916,.T.);
#3914 = VERTEX_POINT('',#3915);
#3915 = CARTESIAN_POINT('',(-18.60739087062,13.519060802727,12.));
#3916 = SEAM_CURVE('',#3917,(#3921,#3928),.PCURVE_S1.);
#3917 = LINE('',#3918,#3919);
#3918 = CARTESIAN_POINT('',(-18.60739087062,13.519060802727,12.));
#3919 = VECTOR('',#3920,1.);
#3920 = DIRECTION('',(-0.,0.,-1.));
#3921 = PCURVE('',#3621,#3922);
#3922 = DEFINITIONAL_REPRESENTATION('',(#3923),#3927);
#3923 = LINE('',#3924,#3925);
#3924 = CARTESIAN_POINT('',(6.28318530718,-0.));
#3925 = VECTOR('',#3926,1.);
#3926 = DIRECTION('',(0.,1.));
#3927 = ( GEOMETRIC_REPRESENTATION_CONTEXT(2) 
PARAMETRIC_REPRESENTATION_CONTEXT() REPRESENTATION_CONTEXT('2D SPACE',''
  ) );
#3928 = PCURVE('',#3621,#3929);
#3929 = DEFINITIONAL_REPRESENTATION('',(#3930),#3934);
#3930 = LINE('',#3931,#3932);
#3931 = CARTESIAN_POINT('',(0.,-0.));
#3932 = VECTOR('',#3933,1.);
#3933 = DIRECTION('',(0.,1.));
#3934 = ( GEOMETRIC_REPRESENTATION_CONTEXT(2) 
PARAMETRIC_REPRESENTATION_CONTEXT() REPRESENTATION_CONTEXT('2D SPACE',''
  ) );
#3935 = ORIENTED_EDGE('',*,*,#3936,.T.);
#3936 = EDGE_CURVE('',#3914,#3914,#3937,.T.);
#3937 = SURFACE_CURVE('',#3938,(#3943,#3950),.PCURVE_S1.);
#3938 = CIRCLE('',#3939,3.25);
#3939 = AXIS2_PLACEMENT_3D('',#3940,#3941,#3942);
#3940 = CARTESIAN_POINT('',(-21.23669610234,15.429362872677,12.));
#3941 = DIRECTION('',(0.,-0.,-1.));
#3942 = DIRECTION('',(0.809016994375,-0.587785252292,0.));
#3943 = PCURVE('',#3621,#3944);
#3944 = DEFINITIONAL_REPRESENTATION('',(#3945),#3949);
#3945 = LINE('',#3946,#3947);
#3946 = CARTESIAN_POINT('',(0.,0.));
#3947 = VECTOR('',#3948,1.);
#3948 = DIRECTION('',(1.,0.));
#3949 = ( GEOMETRIC_REPRESENTATION_CONTEXT(2) 
PARAMETRIC_REPRESENTATION_CONTEXT() REPRESENTATION_CONTEXT('2D SPACE',''
  ) );
#3950 = PCURVE('',#3784,#3951);
#3951 = DEFINITIONAL_REPRESENTATION('',(#3952),#3960);
#3952 = ( BOUNDED_CURVE() B_SPLINE_CURVE(2,(#3953,#3954,#3955,#3956,
#3957,#3958,#3959),.UNSPECIFIED.,.T.,.F.) B_SPLINE_CURVE_WITH_KNOTS((1,2
    ,2,2,2,1),(-2.094395102393,0.,2.094395102393,4.188790204786,
6.28318530718,8.377580409573),.UNSPECIFIED.) CURVE() 
GEOMETRIC_REPRESENTATION_ITEM() RATIONAL_B_SPLINE_CURVE((1.,0.5,1.,0.5,
1.,0.5,1.)) REPRESENTATION_ITEM('') );
#3953 = CARTESIAN_POINT('',(-18.60739087062,13.519060802727));
#3954 = CARTESIAN_POINT('',(-21.91613111358,8.964970552784));
#3955 = CARTESIAN_POINT('',(-24.20571883968,14.107468782681));
#3956 = CARTESIAN_POINT('',(-26.49530656578,19.249967012578));
#3957 = CARTESIAN_POINT('',(-20.89697859672,18.661559032624));
#3958 = CARTESIAN_POINT('',(-15.29865062766,18.07315105267));
#3959 = CARTESIAN_POINT('',(-18.60739087062,13.519060802727));
#3960 = ( GEOMETRIC_REPRESENTATION_CONTEXT(2) 
PARAMETRIC_REPRESENTATION_CONTEXT() REPRESENTATION_CONTEXT('2D SPACE',''
  ) );
#3961 = ORIENTED_EDGE('',*,*,#3913,.T.);
#3962 = ADVANCED_FACE('',(#3963),#3656,.F.);
#3963 = FACE_BOUND('',#3964,.F.);
#3964 = EDGE_LOOP('',(#3965,#3966,#3989,#4015));
#3965 = ORIENTED_EDGE('',*,*,#3635,.F.);
#3966 = ORIENTED_EDGE('',*,*,#3967,.F.);
#3967 = EDGE_CURVE('',#3968,#3636,#3970,.T.);
#3968 = VERTEX_POINT('',#3969);
#3969 = CARTESIAN_POINT('',(23.,-7.960204194458E-16,12.));
#3970 = SEAM_CURVE('',#3971,(#3975,#3982),.PCURVE_S1.);
#3971 = LINE('',#3972,#3973);
#3972 = CARTESIAN_POINT('',(23.,-7.960204194458E-16,12.));
#3973 = VECTOR('',#3974,1.);
#3974 = DIRECTION('',(0.,0.,-1.));
#3975 = PCURVE('',#3656,#3976);
#3976 = DEFINITIONAL_REPRESENTATION('',(#3977),#3981);
#3977 = LINE('',#3978,#3979);
#3978 = CARTESIAN_POINT('',(6.28318530718,-0.));
#3979 = VECTOR('',#3980,1.);
#3980 = DIRECTION('',(0.,1.));
#3981 = ( GEOMETRIC_REPRESENTATION_CONTEXT(2) 
PARAMETRIC_REPRESENTATION_CONTEXT() REPRESENTATION_CONTEXT('2D SPACE',''
  ) );
#3982 = PCURVE('',#3656,#3983);
#3983 = DEFINITIONAL_REPRESENTATION('',(#3984),#3988);
#3984 = LINE('',#3985,#3986);
#3985 = CARTESIAN_POINT('',(0.,-0.));
#3986 = VECTOR('',#3987,1.);
#3987 = DIRECTION('',(0.,1.));
#3988 = ( GEOMETRIC_REPRESENTATION_CONTEXT(2) 
PARAMETRIC_REPRESENTATION_CONTEXT() REPRESENTATION_CONTEXT('2D SPACE',''
  ) );
#3989 = ORIENTED_EDGE('',*,*,#3990,.T.);
#3990 = EDGE_CURVE('',#3968,#3968,#3991,.T.);
#3991 = SURFACE_CURVE('',#3992,(#3997,#4004),.PCURVE_S1.);
#3992 = CIRCLE('',#3993,3.25);
#3993 = AXIS2_PLACEMENT_3D('',#3994,#3995,#3996);
#3994 = CARTESIAN_POINT('',(26.25,0.,12.));
#3995 = DIRECTION('',(0.,0.,-1.));
#3996 = DIRECTION('',(-1.,0.,0.));
#3997 = PCURVE('',#3656,#3998);
#3998 = DEFINITIONAL_REPRESENTATION('',(#3999),#4003);
#3999 = LINE('',#4000,#4001);
#4000 = CARTESIAN_POINT('',(0.,0.));
#4001 = VECTOR('',#4002,1.);
#4002 = DIRECTION('',(1.,0.));
#4003 = ( GEOMETRIC_REPRESENTATION_CONTEXT(2) 
PARAMETRIC_REPRESENTATION_CONTEXT() REPRESENTATION_CONTEXT('2D SPACE',''
  ) );
#4004 = PCURVE('',#3784,#4005);
#4005 = DEFINITIONAL_REPRESENTATION('',(#4006),#4014);
#4006 = ( BOUNDED_CURVE() B_SPLINE_CURVE(2,(#4007,#4008,#4009,#4010,
#4011,#4012,#4013),.UNSPECIFIED.,.T.,.F.) B_SPLINE_CURVE_WITH_KNOTS((1,2
    ,2,2,2,1),(-2.094395102393,0.,2.094395102393,4.188790204786,
6.28318530718,8.377580409573),.UNSPECIFIED.) CURVE() 
GEOMETRIC_REPRESENTATION_ITEM() RATIONAL_B_SPLINE_CURVE((1.,0.5,1.,0.5,
1.,0.5,1.)) REPRESENTATION_ITEM('') );
#4007 = CARTESIAN_POINT('',(23.,-1.492411923833E-15));
#4008 = CARTESIAN_POINT('',(23.,5.629165124599));
#4009 = CARTESIAN_POINT('',(27.875,2.814582562299));
#4010 = CARTESIAN_POINT('',(32.75,-6.963915043867E-16));
#4011 = CARTESIAN_POINT('',(27.875,-2.814582562299));
#4012 = CARTESIAN_POINT('',(23.,-5.629165124599));
#4013 = CARTESIAN_POINT('',(23.,-1.492411923833E-15));
#4014 = ( GEOMETRIC_REPRESENTATION_CONTEXT(2) 
PARAMETRIC_REPRESENTATION_CONTEXT() REPRESENTATION_CONTEXT('2D SPACE',''
  ) );
#4015 = ORIENTED_EDGE('',*,*,#3967,.T.);
#4016 = ADVANCED_FACE('',(#4017),#3691,.F.);
#4017 = FACE_BOUND('',#4018,.F.);
#4018 = EDGE_LOOP('',(#4019,#4020,#4043,#4069));
#4019 = ORIENTED_EDGE('',*,*,#3670,.F.);
#4020 = ORIENTED_EDGE('',*,*,#4021,.F.);
#4021 = EDGE_CURVE('',#4022,#3671,#4024,.T.);
#4022 = VERTEX_POINT('',#4023);
#4023 = CARTESIAN_POINT('',(7.107390870624,21.874299874789,12.));
#4024 = SEAM_CURVE('',#4025,(#4029,#4036),.PCURVE_S1.);
#4025 = LINE('',#4026,#4027);
#4026 = CARTESIAN_POINT('',(7.107390870624,21.874299874789,12.));
#4027 = VECTOR('',#4028,1.);
#4028 = DIRECTION('',(0.,0.,-1.));
#4029 = PCURVE('',#3691,#4030);
#4030 = DEFINITIONAL_REPRESENTATION('',(#4031),#4035);
#4031 = LINE('',#4032,#4033);
#4032 = CARTESIAN_POINT('',(6.28318530718,-0.));
#4033 = VECTOR('',#4034,1.);
#4034 = DIRECTION('',(0.,1.));
#4035 = ( GEOMETRIC_REPRESENTATION_CONTEXT(2) 
PARAMETRIC_REPRESENTATION_CONTEXT() REPRESENTATION_CONTEXT('2D SPACE',''
  ) );
#4036 = PCURVE('',#3691,#4037);
#4037 = DEFINITIONAL_REPRESENTATION('',(#4038),#4042);
#4038 = LINE('',#4039,#4040);
#4039 = CARTESIAN_POINT('',(0.,-0.));
#4040 = VECTOR('',#4041,1.);
#4041 = DIRECTION('',(0.,1.));
#4042 = ( GEOMETRIC_REPRESENTATION_CONTEXT(2) 
PARAMETRIC_REPRESENTATION_CONTEXT() REPRESENTATION_CONTEXT('2D SPACE',''
  ) );
#4043 = ORIENTED_EDGE('',*,*,#4044,.T.);
#4044 = EDGE_CURVE('',#4022,#4022,#4045,.T.);
#4045 = SURFACE_CURVE('',#4046,(#4051,#4058),.PCURVE_S1.);
#4046 = CIRCLE('',#4047,3.25);
#4047 = AXIS2_PLACEMENT_3D('',#4048,#4049,#4050);
#4048 = CARTESIAN_POINT('',(8.111696102342,24.965233552748,12.));
#4049 = DIRECTION('',(-0.,0.,-1.));
#4050 = DIRECTION('',(-0.309016994375,-0.951056516295,0.));
#4051 = PCURVE('',#3691,#4052);
#4052 = DEFINITIONAL_REPRESENTATION('',(#4053),#4057);
#4053 = LINE('',#4054,#4055);
#4054 = CARTESIAN_POINT('',(0.,0.));
#4055 = VECTOR('',#4056,1.);
#4056 = DIRECTION('',(1.,0.));
#4057 = ( GEOMETRIC_REPRESENTATION_CONTEXT(2) 
PARAMETRIC_REPRESENTATION_CONTEXT() REPRESENTATION_CONTEXT('2D SPACE',''
  ) );
#4058 = PCURVE('',#3784,#4059);
#4059 = DEFINITIONAL_REPRESENTATION('',(#4060),#4068);
#4060 = ( BOUNDED_CURVE() B_SPLINE_CURVE(2,(#4061,#4062,#4063,#4064,
#4065,#4066,#4067),.UNSPECIFIED.,.T.,.F.) B_SPLINE_CURVE_WITH_KNOTS((1,2
    ,2,2,2,1),(-2.094395102393,0.,2.094395102393,4.188790204786,
6.28318530718,8.377580409573),.UNSPECIFIED.) CURVE() 
GEOMETRIC_REPRESENTATION_ITEM() RATIONAL_B_SPLINE_CURVE((1.,0.5,1.,0.5,
1.,0.5,1.)) REPRESENTATION_ITEM('') );
#4061 = CARTESIAN_POINT('',(7.107390870624,21.874299874789));
#4062 = CARTESIAN_POINT('',(1.753736697573,23.613807562432));
#4063 = CARTESIAN_POINT('',(5.937021631676,27.380454235549));
#4064 = CARTESIAN_POINT('',(10.12030656578,31.147100908666));
#4065 = CARTESIAN_POINT('',(11.290675804727,25.640946547906));
#4066 = CARTESIAN_POINT('',(12.461045043675,20.134792187145));
#4067 = CARTESIAN_POINT('',(7.107390870624,21.874299874789));
#4068 = ( GEOMETRIC_REPRESENTATION_CONTEXT(2) 
PARAMETRIC_REPRESENTATION_CONTEXT() REPRESENTATION_CONTEXT('2D SPACE',''
  ) );
#4069 = ORIENTED_EDGE('',*,*,#4021,.T.);
#4070 = ADVANCED_FACE('',(#4071),#3730,.T.);
#4071 = FACE_BOUND('',#4072,.F.);
#4072 = EDGE_LOOP('',(#4073,#4074,#4097,#4128));
#4073 = ORIENTED_EDGE('',*,*,#3709,.T.);
#4074 = ORIENTED_EDGE('',*,*,#4075,.T.);
#4075 = EDGE_CURVE('',#3710,#4076,#4078,.T.);
#4076 = VERTEX_POINT('',#4077);
#4077 = CARTESIAN_POINT('',(31.5,0.,8.5));
#4078 = SEAM_CURVE('',#4079,(#4083,#4090),.PCURVE_S1.);
#4079 = LINE('',#4080,#4081);
#4080 = CARTESIAN_POINT('',(31.5,0.,0.));
#4081 = VECTOR('',#4082,1.);
#4082 = DIRECTION('',(0.,0.,1.));
#4083 = PCURVE('',#3730,#4084);
#4084 = DEFINITIONAL_REPRESENTATION('',(#4085),#4089);
#4085 = LINE('',#4086,#4087);
#4086 = CARTESIAN_POINT('',(-6.28318530718,0.));
#4087 = VECTOR('',#4088,1.);
#4088 = DIRECTION('',(-0.,-1.));
#4089 = ( GEOMETRIC_REPRESENTATION_CONTEXT(2) 
PARAMETRIC_REPRESENTATION_CONTEXT() REPRESENTATION_CONTEXT('2D SPACE',''
  ) );
#4090 = PCURVE('',#3730,#4091);
#4091 = DEFINITIONAL_REPRESENTATION('',(#4092),#4096);
#4092 = LINE('',#4093,#4094);
#4093 = CARTESIAN_POINT('',(-0.,0.));
#4094 = VECTOR('',#4095,1.);
#4095 = DIRECTION('',(-0.,-1.));
#4096 = ( GEOMETRIC_REPRESENTATION_CONTEXT(2) 
PARAMETRIC_REPRESENTATION_CONTEXT() REPRESENTATION_CONTEXT('2D SPACE',''
  ) );
#4097 = ORIENTED_EDGE('',*,*,#4098,.F.);
#4098 = EDGE_CURVE('',#4076,#4076,#4099,.T.);
#4099 = SURFACE_CURVE('',#4100,(#4105,#4112),.PCURVE_S1.);
#4100 = CIRCLE('',#4101,31.5);
#4101 = AXIS2_PLACEMENT_3D('',#4102,#4103,#4104);
#4102 = CARTESIAN_POINT('',(0.,0.,8.5));
#4103 = DIRECTION('',(0.,0.,-1.));
#4104 = DIRECTION('',(1.,0.,0.));
#4105 = PCURVE('',#3730,#4106);
#4106 = DEFINITIONAL_REPRESENTATION('',(#4107),#4111);
#4107 = LINE('',#4108,#4109);
#4108 = CARTESIAN_POINT('',(-6.28318530718,-8.5));
#4109 = VECTOR('',#4110,1.);
#4110 = DIRECTION('',(1.,-0.));
#4111 = ( GEOMETRIC_REPRESENTATION_CONTEXT(2) 
PARAMETRIC_REPRESENTATION_CONTEXT() REPRESENTATION_CONTEXT('2D SPACE',''
  ) );
#4112 = PCURVE('',#4113,#4118);
#4113 = PLANE('',#4114);
#4114 = AXIS2_PLACEMENT_3D('',#4115,#4116,#4117);
#4115 = CARTESIAN_POINT('',(-4.375808424126E-15,4.679120177894E-16,8.5)
  );
#4116 = DIRECTION('',(0.,0.,1.));
#4117 = DIRECTION('',(1.,0.,-0.));
#4118 = DEFINITIONAL_REPRESENTATION('',(#4119),#4127);
#4119 = ( BOUNDED_CURVE() B_SPLINE_CURVE(2,(#4120,#4121,#4122,#4123,
#4124,#4125,#4126),.UNSPECIFIED.,.T.,.F.) B_SPLINE_CURVE_WITH_KNOTS((1,2
    ,2,2,2,1),(-2.094395102393,0.,2.094395102393,4.188790204786,
6.28318530718,8.377580409573),.UNSPECIFIED.) CURVE() 
GEOMETRIC_REPRESENTATION_ITEM() RATIONAL_B_SPLINE_CURVE((1.,0.5,1.,0.5,
1.,0.5,1.)) REPRESENTATION_ITEM('') );
#4120 = CARTESIAN_POINT('',(31.5,-4.679120177894E-16));
#4121 = CARTESIAN_POINT('',(31.5,-54.55960043842));
#4122 = CARTESIAN_POINT('',(-15.75,-27.27980021921));
#4123 = CARTESIAN_POINT('',(-63.,-8.183186852418E-15));
#4124 = CARTESIAN_POINT('',(-15.75,27.27980021921));
#4125 = CARTESIAN_POINT('',(31.5,54.55960043842));
#4126 = CARTESIAN_POINT('',(31.5,-4.679120177894E-16));
#4127 = ( GEOMETRIC_REPRESENTATION_CONTEXT(2) 
PARAMETRIC_REPRESENTATION_CONTEXT() REPRESENTATION_CONTEXT('2D SPACE',''
  ) );
#4128 = ORIENTED_EDGE('',*,*,#4075,.F.);
#4129 = ADVANCED_FACE('',(#4130,#4161,#4164,#4167,#4170,#4173,#4176),
  #3784,.T.);
#4130 = FACE_BOUND('',#4131,.T.);
#4131 = EDGE_LOOP('',(#4132));
#4132 = ORIENTED_EDGE('',*,*,#4133,.T.);
#4133 = EDGE_CURVE('',#4134,#4134,#4136,.T.);
#4134 = VERTEX_POINT('',#4135);
#4135 = CARTESIAN_POINT('',(60.,0.,12.));
#4136 = SURFACE_CURVE('',#4137,(#4142,#4149),.PCURVE_S1.);
#4137 = CIRCLE('',#4138,60.);
#4138 = AXIS2_PLACEMENT_3D('',#4139,#4140,#4141);
#4139 = CARTESIAN_POINT('',(0.,0.,12.));
#4140 = DIRECTION('',(0.,0.,1.));
#4141 = DIRECTION('',(1.,0.,0.));
#4142 = PCURVE('',#3784,#4143);
#4143 = DEFINITIONAL_REPRESENTATION('',(#4144),#4148);
#4144 = CIRCLE('',#4145,60.);
#4145 = AXIS2_PLACEMENT_2D('',#4146,#4147);
#4146 = CARTESIAN_POINT('',(2.083718297203E-15,-1.492411923833E-15));
#4147 = DIRECTION('',(1.,0.));
#4148 = ( GEOMETRIC_REPRESENTATION_CONTEXT(2) 
PARAMETRIC_REPRESENTATION_CONTEXT() REPRESENTATION_CONTEXT('2D SPACE',''
  ) );
#4149 = PCURVE('',#4150,#4155);
#4150 = CYLINDRICAL_SURFACE('',#4151,60.);
#4151 = AXIS2_PLACEMENT_3D('',#4152,#4153,#4154);
#4152 = CARTESIAN_POINT('',(0.,0.,8.5));
#4153 = DIRECTION('',(-0.,-0.,-1.));
#4154 = DIRECTION('',(1.,0.,0.));
#4155 = DEFINITIONAL_REPRESENTATION('',(#4156),#4160);
#4156 = LINE('',#4157,#4158);
#4157 = CARTESIAN_POINT('',(-0.,-3.5));
#4158 = VECTOR('',#4159,1.);
#4159 = DIRECTION('',(-1.,0.));
#4160 = ( GEOMETRIC_REPRESENTATION_CONTEXT(2) 
PARAMETRIC_REPRESENTATION_CONTEXT() REPRESENTATION_CONTEXT('2D SPACE',''
  ) );
#4161 = FACE_BOUND('',#4162,.T.);
#4162 = EDGE_LOOP('',(#4163));
#4163 = ORIENTED_EDGE('',*,*,#3769,.T.);
#4164 = FACE_BOUND('',#4165,.T.);
#4165 = EDGE_LOOP('',(#4166));
#4166 = ORIENTED_EDGE('',*,*,#3828,.T.);
#4167 = FACE_BOUND('',#4168,.T.);
#4168 = EDGE_LOOP('',(#4169));
#4169 = ORIENTED_EDGE('',*,*,#3882,.T.);
#4170 = FACE_BOUND('',#4171,.T.);
#4171 = EDGE_LOOP('',(#4172));
#4172 = ORIENTED_EDGE('',*,*,#3936,.T.);
#4173 = FACE_BOUND('',#4174,.T.);
#4174 = EDGE_LOOP('',(#4175));
#4175 = ORIENTED_EDGE('',*,*,#3990,.T.);
#4176 = FACE_BOUND('',#4177,.T.);
#4177 = EDGE_LOOP('',(#4178));
#4178 = ORIENTED_EDGE('',*,*,#4044,.T.);
#4179 = ADVANCED_FACE('',(#4180,#4206),#4113,.F.);
#4180 = FACE_BOUND('',#4181,.F.);
#4181 = EDGE_LOOP('',(#4182));
#4182 = ORIENTED_EDGE('',*,*,#4183,.T.);
#4183 = EDGE_CURVE('',#4184,#4184,#4186,.T.);
#4184 = VERTEX_POINT('',#4185);
#4185 = CARTESIAN_POINT('',(60.,0.,8.5));
#4186 = SURFACE_CURVE('',#4187,(#4192,#4199),.PCURVE_S1.);
#4187 = CIRCLE('',#4188,60.);
#4188 = AXIS2_PLACEMENT_3D('',#4189,#4190,#4191);
#4189 = CARTESIAN_POINT('',(0.,0.,8.5));
#4190 = DIRECTION('',(0.,0.,1.));
#4191 = DIRECTION('',(1.,0.,0.));
#4192 = PCURVE('',#4113,#4193);
#4193 = DEFINITIONAL_REPRESENTATION('',(#4194),#4198);
#4194 = CIRCLE('',#4195,60.);
#4195 = AXIS2_PLACEMENT_2D('',#4196,#4197);
#4196 = CARTESIAN_POINT('',(4.375808424126E-15,-4.679120177894E-16));
#4197 = DIRECTION('',(1.,0.));
#4198 = ( GEOMETRIC_REPRESENTATION_CONTEXT(2) 
PARAMETRIC_REPRESENTATION_CONTEXT() REPRESENTATION_CONTEXT('2D SPACE',''
  ) );
#4199 = PCURVE('',#4150,#4200);
#4200 = DEFINITIONAL_REPRESENTATION('',(#4201),#4205);
#4201 = LINE('',#4202,#4203);
#4202 = CARTESIAN_POINT('',(-0.,0.));
#4203 = VECTOR('',#4204,1.);
#4204 = DIRECTION('',(-1.,0.));
#4205 = ( GEOMETRIC_REPRESENTATION_CONTEXT(2) 
PARAMETRIC_REPRESENTATION_CONTEXT() REPRESENTATION_CONTEXT('2D SPACE',''
  ) );
#4206 = FACE_BOUND('',#4207,.F.);
#4207 = EDGE_LOOP('',(#4208));
#4208 = ORIENTED_EDGE('',*,*,#4098,.T.);
#4209 = ADVANCED_FACE('',(#4210),#4150,.T.);
#4210 = FACE_BOUND('',#4211,.F.);
#4211 = EDGE_LOOP('',(#4212,#4233,#4234,#4235));
#4212 = ORIENTED_EDGE('',*,*,#4213,.T.);
#4213 = EDGE_CURVE('',#4184,#4134,#4214,.T.);
#4214 = SEAM_CURVE('',#4215,(#4219,#4226),.PCURVE_S1.);
#4215 = LINE('',#4216,#4217);
#4216 = CARTESIAN_POINT('',(60.,0.,8.5));
#4217 = VECTOR('',#4218,1.);
#4218 = DIRECTION('',(0.,0.,1.));
#4219 = PCURVE('',#4150,#4220);
#4220 = DEFINITIONAL_REPRESENTATION('',(#4221),#4225);
#4221 = LINE('',#4222,#4223);
#4222 = CARTESIAN_POINT('',(-0.,0.));
#4223 = VECTOR('',#4224,1.);
#4224 = DIRECTION('',(-0.,-1.));
#4225 = ( GEOMETRIC_REPRESENTATION_CONTEXT(2) 
PARAMETRIC_REPRESENTATION_CONTEXT() REPRESENTATION_CONTEXT('2D SPACE',''
  ) );
#4226 = PCURVE('',#4150,#4227);
#4227 = DEFINITIONAL_REPRESENTATION('',(#4228),#4232);
#4228 = LINE('',#4229,#4230);
#4229 = CARTESIAN_POINT('',(-6.28318530718,0.));
#4230 = VECTOR('',#4231,1.);
#4231 = DIRECTION('',(-0.,-1.));
#4232 = ( GEOMETRIC_REPRESENTATION_CONTEXT(2) 
PARAMETRIC_REPRESENTATION_CONTEXT() REPRESENTATION_CONTEXT('2D SPACE',''
  ) );
#4233 = ORIENTED_EDGE('',*,*,#4133,.T.);
#4234 = ORIENTED_EDGE('',*,*,#4213,.F.);
#4235 = ORIENTED_EDGE('',*,*,#4183,.F.);
#4236 = ( GEOMETRIC_REPRESENTATION_CONTEXT(3) 
GLOBAL_UNCERTAINTY_ASSIGNED_CONTEXT((#4240)) 
GLOBAL_UNIT_ASSIGNED_CONTEXT((#4237,#4238,#4239)) REPRESENTATION_CONTEXT
('Context #1','3D Context with UNIT and UNCERTAINTY') );
#4237 = ( LENGTH_UNIT() NAMED_UNIT(*) SI_UNIT(.MILLI.,.METRE.) );
#4238 = ( NAMED_UNIT(*) PLANE_ANGLE_UNIT() SI_UNIT($,.RADIAN.) );
#4239 = ( NAMED_UNIT(*) SI_UNIT($,.STERADIAN.) SOLID_ANGLE_UNIT() );
#4240 = UNCERTAINTY_MEASURE_WITH_UNIT(LENGTH_MEASURE(1.E-07),#4237,
  'distance_accuracy_value','confusion accuracy');
#4241 = CONTEXT_DEPENDENT_SHAPE_REPRESENTATION(#4242,#4244);
#4242 = ( REPRESENTATION_RELATIONSHIP('','',#3397,#10) 
REPRESENTATION_RELATIONSHIP_WITH_TRANSFORMATION(#4243) 
SHAPE_REPRESENTATION_RELATIONSHIP() );
#4243 = ITEM_DEFINED_TRANSFORMATION('','',#11,#35);
#4244 = PRODUCT_DEFINITION_SHAPE('Placement','Placement of an item',
  #4245);
#4245 = NEXT_ASSEMBLY_USAGE_OCCURRENCE('51','brake_rotor_1','',#5,#3392,
  $);
#4246 = PRODUCT_RELATED_PRODUCT_CATEGORY('part',$,(#3394));
#4247 = SHAPE_DEFINITION_REPRESENTATION(#4248,#4254);
#4248 = PRODUCT_DEFINITION_SHAPE('','',#4249);
#4249 = PRODUCT_DEFINITION('design','',#4250,#4253);
#4250 = PRODUCT_DEFINITION_FORMATION('','',#4251);
#4251 = PRODUCT('brake_rotor_2','brake_rotor_2','',(#4252));
#4252 = PRODUCT_CONTEXT('',#2,'mechanical');
#4253 = PRODUCT_DEFINITION_CONTEXT('part definition',#2,'design');
#4254 = ADVANCED_BREP_SHAPE_REPRESENTATION('',(#11,#4255),#5093);
#4255 = MANIFOLD_SOLID_BREP('',#4256);
#4256 = CLOSED_SHELL('',(#4257,#4345,#4559,#4598,#4657,#4711,#4765,#4819
    ,#4873,#4927,#4986,#5036,#5066));
#4257 = ADVANCED_FACE('',(#4258),#4272,.T.);
#4258 = FACE_BOUND('',#4259,.F.);
#4259 = EDGE_LOOP('',(#4260,#4290,#4317,#4318));
#4260 = ORIENTED_EDGE('',*,*,#4261,.T.);
#4261 = EDGE_CURVE('',#4262,#4264,#4266,.T.);
#4262 = VERTEX_POINT('',#4263);
#4263 = CARTESIAN_POINT('',(60.,0.,0.));
#4264 = VERTEX_POINT('',#4265);
#4265 = CARTESIAN_POINT('',(60.,0.,3.5));
#4266 = SEAM_CURVE('',#4267,(#4271,#4283),.PCURVE_S1.);
#4267 = LINE('',#4268,#4269);
#4268 = CARTESIAN_POINT('',(60.,0.,0.));
#4269 = VECTOR('',#4270,1.);
#4270 = DIRECTION('',(0.,0.,1.));
#4271 = PCURVE('',#4272,#4277);
#4272 = CYLINDRICAL_SURFACE('',#4273,60.);
#4273 = AXIS2_PLACEMENT_3D('',#4274,#4275,#4276);
#4274 = CARTESIAN_POINT('',(0.,0.,0.));
#4275 = DIRECTION('',(-0.,-0.,-1.));
#4276 = DIRECTION('',(1.,0.,0.));
#4277 = DEFINITIONAL_REPRESENTATION('',(#4278),#4282);
#4278 = LINE('',#4279,#4280);
#4279 = CARTESIAN_POINT('',(-0.,0.));
#4280 = VECTOR('',#4281,1.);
#4281 = DIRECTION('',(-0.,-1.));
#4282 = ( GEOMETRIC_REPRESENTATION_CONTEXT(2) 
PARAMETRIC_REPRESENTATION_CONTEXT() REPRESENTATION_CONTEXT('2D SPACE',''
  ) );
#4283 = PCURVE('',#4272,#4284);
#4284 = DEFINITIONAL_REPRESENTATION('',(#4285),#4289);
#4285 = LINE('',#4286,#4287);
#4286 = CARTESIAN_POINT('',(-6.28318530718,0.));
#4287 = VECTOR('',#4288,1.);
#4288 = DIRECTION('',(-0.,-1.));
#4289 = ( GEOMETRIC_REPRESENTATION_CONTEXT(2) 
PARAMETRIC_REPRESENTATION_CONTEXT() REPRESENTATION_CONTEXT('2D SPACE',''
  ) );
#4290 = ORIENTED_EDGE('',*,*,#4291,.T.);
#4291 = EDGE_CURVE('',#4264,#4264,#4292,.T.);
#4292 = SURFACE_CURVE('',#4293,(#4298,#4305),.PCURVE_S1.);
#4293 = CIRCLE('',#4294,60.);
#4294 = AXIS2_PLACEMENT_3D('',#4295,#4296,#4297);
#4295 = CARTESIAN_POINT('',(0.,0.,3.5));
#4296 = DIRECTION('',(0.,0.,1.));
#4297 = DIRECTION('',(1.,0.,0.));
#4298 = PCURVE('',#4272,#4299);
#4299 = DEFINITIONAL_REPRESENTATION('',(#4300),#4304);
#4300 = LINE('',#4301,#4302);
#4301 = CARTESIAN_POINT('',(-0.,-3.5));
#4302 = VECTOR('',#4303,1.);
#4303 = DIRECTION('',(-1.,0.));
#4304 = ( GEOMETRIC_REPRESENTATION_CONTEXT(2) 
PARAMETRIC_REPRESENTATION_CONTEXT() REPRESENTATION_CONTEXT('2D SPACE',''
  ) );
#4305 = PCURVE('',#4306,#4311);
#4306 = PLANE('',#4307);
#4307 = AXIS2_PLACEMENT_3D('',#4308,#4309,#4310);
#4308 = CARTESIAN_POINT('',(-4.375808424126E-15,4.679120177894E-16,3.5)
  );
#4309 = DIRECTION('',(0.,0.,1.));
#4310 = DIRECTION('',(1.,0.,-0.));
#4311 = DEFINITIONAL_REPRESENTATION('',(#4312),#4316);
#4312 = CIRCLE('',#4313,60.);
#4313 = AXIS2_PLACEMENT_2D('',#4314,#4315);
#4314 = CARTESIAN_POINT('',(4.375808424126E-15,-4.679120177894E-16));
#4315 = DIRECTION('',(1.,0.));
#4316 = ( GEOMETRIC_REPRESENTATION_CONTEXT(2) 
PARAMETRIC_REPRESENTATION_CONTEXT() REPRESENTATION_CONTEXT('2D SPACE',''
  ) );
#4317 = ORIENTED_EDGE('',*,*,#4261,.F.);
#4318 = ORIENTED_EDGE('',*,*,#4319,.F.);
#4319 = EDGE_CURVE('',#4262,#4262,#4320,.T.);
#4320 = SURFACE_CURVE('',#4321,(#4326,#4333),.PCURVE_S1.);
#4321 = CIRCLE('',#4322,60.);
#4322 = AXIS2_PLACEMENT_3D('',#4323,#4324,#4325);
#4323 = CARTESIAN_POINT('',(0.,0.,0.));
#4324 = DIRECTION('',(0.,0.,1.));
#4325 = DIRECTION('',(1.,0.,0.));
#4326 = PCURVE('',#4272,#4327);
#4327 = DEFINITIONAL_REPRESENTATION('',(#4328),#4332);
#4328 = LINE('',#4329,#4330);
#4329 = CARTESIAN_POINT('',(-0.,0.));
#4330 = VECTOR('',#4331,1.);
#4331 = DIRECTION('',(-1.,0.));
#4332 = ( GEOMETRIC_REPRESENTATION_CONTEXT(2) 
PARAMETRIC_REPRESENTATION_CONTEXT() REPRESENTATION_CONTEXT('2D SPACE',''
  ) );
#4333 = PCURVE('',#4334,#4339);
#4334 = PLANE('',#4335);
#4335 = AXIS2_PLACEMENT_3D('',#4336,#4337,#4338);
#4336 = CARTESIAN_POINT('',(-4.375808424126E-15,4.679120177894E-16,0.));
#4337 = DIRECTION('',(0.,0.,1.));
#4338 = DIRECTION('',(1.,0.,-0.));
#4339 = DEFINITIONAL_REPRESENTATION('',(#4340),#4344);
#4340 = CIRCLE('',#4341,60.);
#4341 = AXIS2_PLACEMENT_2D('',#4342,#4343);
#4342 = CARTESIAN_POINT('',(4.375808424126E-15,-4.679120177894E-16));
#4343 = DIRECTION('',(1.,0.));
#4344 = ( GEOMETRIC_REPRESENTATION_CONTEXT(2) 
PARAMETRIC_REPRESENTATION_CONTEXT() REPRESENTATION_CONTEXT('2D SPACE',''
  ) );
#4345 = ADVANCED_FACE('',(#4346,#4349,#4384,#4419,#4454,#4489,#4524),
  #4334,.F.);
#4346 = FACE_BOUND('',#4347,.F.);
#4347 = EDGE_LOOP('',(#4348));
#4348 = ORIENTED_EDGE('',*,*,#4319,.T.);
#4349 = FACE_BOUND('',#4350,.F.);
#4350 = EDGE_LOOP('',(#4351));
#4351 = ORIENTED_EDGE('',*,*,#4352,.T.);
#4352 = EDGE_CURVE('',#4353,#4353,#4355,.T.);
#4353 = VERTEX_POINT('',#4354);
#4354 = CARTESIAN_POINT('',(-18.60739087062,-13.51906080272,0.));
#4355 = SURFACE_CURVE('',#4356,(#4361,#4372),.PCURVE_S1.);
#4356 = CIRCLE('',#4357,3.25);
#4357 = AXIS2_PLACEMENT_3D('',#4358,#4359,#4360);
#4358 = CARTESIAN_POINT('',(-21.23669610234,-15.42936287267,0.));
#4359 = DIRECTION('',(0.,0.,-1.));
#4360 = DIRECTION('',(0.809016994375,0.587785252292,0.));
#4361 = PCURVE('',#4334,#4362);
#4362 = DEFINITIONAL_REPRESENTATION('',(#4363),#4371);
#4363 = ( BOUNDED_CURVE() B_SPLINE_CURVE(2,(#4364,#4365,#4366,#4367,
#4368,#4369,#4370),.UNSPECIFIED.,.T.,.F.) B_SPLINE_CURVE_WITH_KNOTS((1,2
    ,2,2,2,1),(-2.094395102393,0.,2.094395102393,4.188790204786,
6.28318530718,8.377580409573),.UNSPECIFIED.) CURVE() 
GEOMETRIC_REPRESENTATION_ITEM() RATIONAL_B_SPLINE_CURVE((1.,0.5,1.,0.5,
1.,0.5,1.)) REPRESENTATION_ITEM('') );
#4364 = CARTESIAN_POINT('',(-18.60739087062,-13.51906080272));
#4365 = CARTESIAN_POINT('',(-15.29865062766,-18.07315105267));
#4366 = CARTESIAN_POINT('',(-20.89697859672,-18.66155903262));
#4367 = CARTESIAN_POINT('',(-26.49530656578,-19.24996701257));
#4368 = CARTESIAN_POINT('',(-24.20571883968,-14.10746878268));
#4369 = CARTESIAN_POINT('',(-21.91613111358,-8.964970552784));
#4370 = CARTESIAN_POINT('',(-18.60739087062,-13.51906080272));
#4371 = ( GEOMETRIC_REPRESENTATION_CONTEXT(2) 
PARAMETRIC_REPRESENTATION_CONTEXT() REPRESENTATION_CONTEXT('2D SPACE',''
  ) );
#4372 = PCURVE('',#4373,#4378);
#4373 = CYLINDRICAL_SURFACE('',#4374,3.25);
#4374 = AXIS2_PLACEMENT_3D('',#4375,#4376,#4377);
#4375 = CARTESIAN_POINT('',(-21.23669610234,-15.42936287267,12.));
#4376 = DIRECTION('',(0.,-0.,-1.));
#4377 = DIRECTION('',(0.809016994375,0.587785252292,0.));
#4378 = DEFINITIONAL_REPRESENTATION('',(#4379),#4383);
#4379 = LINE('',#4380,#4381);
#4380 = CARTESIAN_POINT('',(2.913845647833E-18,12.));
#4381 = VECTOR('',#4382,1.);
#4382 = DIRECTION('',(1.,0.));
#4383 = ( GEOMETRIC_REPRESENTATION_CONTEXT(2) 
PARAMETRIC_REPRESENTATION_CONTEXT() REPRESENTATION_CONTEXT('2D SPACE',''
  ) );
#4384 = FACE_BOUND('',#4385,.F.);
#4385 = EDGE_LOOP('',(#4386));
#4386 = ORIENTED_EDGE('',*,*,#4387,.T.);
#4387 = EDGE_CURVE('',#4388,#4388,#4390,.T.);
#4388 = VERTEX_POINT('',#4389);
#4389 = CARTESIAN_POINT('',(7.107390870624,-21.87429987478,0.));
#4390 = SURFACE_CURVE('',#4391,(#4396,#4407),.PCURVE_S1.);
#4391 = CIRCLE('',#4392,3.25);
#4392 = AXIS2_PLACEMENT_3D('',#4393,#4394,#4395);
#4393 = CARTESIAN_POINT('',(8.111696102342,-24.96523355274,0.));
#4394 = DIRECTION('',(0.,0.,-1.));
#4395 = DIRECTION('',(-0.309016994375,0.951056516295,0.));
#4396 = PCURVE('',#4334,#4397);
#4397 = DEFINITIONAL_REPRESENTATION('',(#4398),#4406);
#4398 = ( BOUNDED_CURVE() B_SPLINE_CURVE(2,(#4399,#4400,#4401,#4402,
#4403,#4404,#4405),.UNSPECIFIED.,.T.,.F.) B_SPLINE_CURVE_WITH_KNOTS((1,2
    ,2,2,2,1),(-2.094395102393,0.,2.094395102393,4.188790204786,
6.28318530718,8.377580409573),.UNSPECIFIED.) CURVE() 
GEOMETRIC_REPRESENTATION_ITEM() RATIONAL_B_SPLINE_CURVE((1.,0.5,1.,0.5,
1.,0.5,1.)) REPRESENTATION_ITEM('') );
#4399 = CARTESIAN_POINT('',(7.107390870624,-21.87429987478));
#4400 = CARTESIAN_POINT('',(12.461045043675,-20.13479218714));
#4401 = CARTESIAN_POINT('',(11.290675804727,-25.6409465479));
#4402 = CARTESIAN_POINT('',(10.12030656578,-31.14710090866));
#4403 = CARTESIAN_POINT('',(5.937021631676,-27.38045423554));
#4404 = CARTESIAN_POINT('',(1.753736697573,-23.61380756243));
#4405 = CARTESIAN_POINT('',(7.107390870624,-21.87429987478));
#4406 = ( GEOMETRIC_REPRESENTATION_CONTEXT(2) 
PARAMETRIC_REPRESENTATION_CONTEXT() REPRESENTATION_CONTEXT('2D SPACE',''
  ) );
#4407 = PCURVE('',#4408,#4413);
#4408 = CYLINDRICAL_SURFACE('',#4409,3.25);
#4409 = AXIS2_PLACEMENT_3D('',#4410,#4411,#4412);
#4410 = CARTESIAN_POINT('',(8.111696102342,-24.96523355274,12.));
#4411 = DIRECTION('',(0.,0.,-1.));
#4412 = DIRECTION('',(-0.309016994375,0.951056516295,0.));
#4413 = DEFINITIONAL_REPRESENTATION('',(#4414),#4418);
#4414 = LINE('',#4415,#4416);
#4415 = CARTESIAN_POINT('',(0.,12.));
#4416 = VECTOR('',#4417,1.);
#4417 = DIRECTION('',(1.,0.));
#4418 = ( GEOMETRIC_REPRESENTATION_CONTEXT(2) 
PARAMETRIC_REPRESENTATION_CONTEXT() REPRESENTATION_CONTEXT('2D SPACE',''
  ) );
#4419 = FACE_BOUND('',#4420,.F.);
#4420 = EDGE_LOOP('',(#4421));
#4421 = ORIENTED_EDGE('',*,*,#4422,.T.);
#4422 = EDGE_CURVE('',#4423,#4423,#4425,.T.);
#4423 = VERTEX_POINT('',#4424);
#4424 = CARTESIAN_POINT('',(-10.5,-1.089446902021E-15,0.));
#4425 = SURFACE_CURVE('',#4426,(#4431,#4442),.PCURVE_S1.);
#4426 = CIRCLE('',#4427,10.5);
#4427 = AXIS2_PLACEMENT_3D('',#4428,#4429,#4430);
#4428 = CARTESIAN_POINT('',(0.,1.482311376189E-15,0.));
#4429 = DIRECTION('',(0.,0.,-1.));
#4430 = DIRECTION('',(-1.,0.,0.));
#4431 = PCURVE('',#4334,#4432);
#4432 = DEFINITIONAL_REPRESENTATION('',(#4433),#4441);
#4433 = ( BOUNDED_CURVE() B_SPLINE_CURVE(2,(#4434,#4435,#4436,#4437,
#4438,#4439,#4440),.UNSPECIFIED.,.T.,.F.) B_SPLINE_CURVE_WITH_KNOTS((1,2
    ,2,2,2,1),(-2.094395102393,0.,2.094395102393,4.188790204786,
6.28318530718,8.377580409573),.UNSPECIFIED.) CURVE() 
GEOMETRIC_REPRESENTATION_ITEM() RATIONAL_B_SPLINE_CURVE((1.,0.5,1.,0.5,
1.,0.5,1.)) REPRESENTATION_ITEM('') );
#4434 = CARTESIAN_POINT('',(-10.5,1.014399358399E-15));
#4435 = CARTESIAN_POINT('',(-10.5,18.186533479473));
#4436 = CARTESIAN_POINT('',(5.25,9.093266739737));
#4437 = CARTESIAN_POINT('',(21.,3.586157636609E-15));
#4438 = CARTESIAN_POINT('',(5.25,-9.093266739737));
#4439 = CARTESIAN_POINT('',(-10.5,-18.18653347947));
#4440 = CARTESIAN_POINT('',(-10.5,1.014399358399E-15));
#4441 = ( GEOMETRIC_REPRESENTATION_CONTEXT(2) 
PARAMETRIC_REPRESENTATION_CONTEXT() REPRESENTATION_CONTEXT('2D SPACE',''
  ) );
#4442 = PCURVE('',#4443,#4448);
#4443 = CYLINDRICAL_SURFACE('',#4444,10.5);
#4444 = AXIS2_PLACEMENT_3D('',#4445,#4446,#4447);
#4445 = CARTESIAN_POINT('',(0.,1.482311376189E-15,12.));
#4446 = DIRECTION('',(0.,0.,-1.));
#4447 = DIRECTION('',(-1.,0.,0.));
#4448 = DEFINITIONAL_REPRESENTATION('',(#4449),#4453);
#4449 = LINE('',#4450,#4451);
#4450 = CARTESIAN_POINT('',(0.,12.));
#4451 = VECTOR('',#4452,1.);
#4452 = DIRECTION('',(1.,0.));
#4453 = ( GEOMETRIC_REPRESENTATION_CONTEXT(2) 
PARAMETRIC_REPRESENTATION_CONTEXT() REPRESENTATION_CONTEXT('2D SPACE',''
  ) );
#4454 = FACE_BOUND('',#4455,.F.);
#4455 = EDGE_LOOP('',(#4456));
#4456 = ORIENTED_EDGE('',*,*,#4457,.T.);
#4457 = EDGE_CURVE('',#4458,#4458,#4460,.T.);
#4458 = VERTEX_POINT('',#4459);
#4459 = CARTESIAN_POINT('',(-18.60739087062,13.519060802727,0.));
#4460 = SURFACE_CURVE('',#4461,(#4466,#4477),.PCURVE_S1.);
#4461 = CIRCLE('',#4462,3.25);
#4462 = AXIS2_PLACEMENT_3D('',#4463,#4464,#4465);
#4463 = CARTESIAN_POINT('',(-21.23669610234,15.429362872677,0.));
#4464 = DIRECTION('',(-0.,0.,-1.));
#4465 = DIRECTION('',(0.809016994375,-0.587785252292,-0.));
#4466 = PCURVE('',#4334,#4467);
#4467 = DEFINITIONAL_REPRESENTATION('',(#4468),#4476);
#4468 = ( BOUNDED_CURVE() B_SPLINE_CURVE(2,(#4469,#4470,#4471,#4472,
#4473,#4474,#4475),.UNSPECIFIED.,.T.,.F.) B_SPLINE_CURVE_WITH_KNOTS((1,2
    ,2,2,2,1),(-2.094395102393,0.,2.094395102393,4.188790204786,
6.28318530718,8.377580409573),.UNSPECIFIED.) CURVE() 
GEOMETRIC_REPRESENTATION_ITEM() RATIONAL_B_SPLINE_CURVE((1.,0.5,1.,0.5,
1.,0.5,1.)) REPRESENTATION_ITEM('') );
#4469 = CARTESIAN_POINT('',(-18.60739087062,13.519060802727));
#4470 = CARTESIAN_POINT('',(-21.91613111358,8.964970552784));
#4471 = CARTESIAN_POINT('',(-24.20571883968,14.107468782681));
#4472 = CARTESIAN_POINT('',(-26.49530656578,19.249967012578));
#4473 = CARTESIAN_POINT('',(-20.89697859672,18.661559032624));
#4474 = CARTESIAN_POINT('',(-15.29865062766,18.07315105267));
#4475 = CARTESIAN_POINT('',(-18.60739087062,13.519060802727));
#4476 = ( GEOMETRIC_REPRESENTATION_CONTEXT(2) 
PARAMETRIC_REPRESENTATION_CONTEXT() REPRESENTATION_CONTEXT('2D SPACE',''
  ) );
#4477 = PCURVE('',#4478,#4483);
#4478 = CYLINDRICAL_SURFACE('',#4479,3.25);
#4479 = AXIS2_PLACEMENT_3D('',#4480,#4481,#4482);
#4480 = CARTESIAN_POINT('',(-21.23669610234,15.429362872677,12.));
#4481 = DIRECTION('',(-0.,0.,-1.));
#4482 = DIRECTION('',(0.809016994375,-0.587785252292,0.));
#4483 = DEFINITIONAL_REPRESENTATION('',(#4484),#4488);
#4484 = LINE('',#4485,#4486);
#4485 = CARTESIAN_POINT('',(2.164781173596E-17,12.));
#4486 = VECTOR('',#4487,1.);
#4487 = DIRECTION('',(1.,0.));
#4488 = ( GEOMETRIC_REPRESENTATION_CONTEXT(2) 
PARAMETRIC_REPRESENTATION_CONTEXT() REPRESENTATION_CONTEXT('2D SPACE',''
  ) );
#4489 = FACE_BOUND('',#4490,.F.);
#4490 = EDGE_LOOP('',(#4491));
#4491 = ORIENTED_EDGE('',*,*,#4492,.T.);
#4492 = EDGE_CURVE('',#4493,#4493,#4495,.T.);
#4493 = VERTEX_POINT('',#4494);
#4494 = CARTESIAN_POINT('',(23.,-7.960204194458E-16,0.));
#4495 = SURFACE_CURVE('',#4496,(#4501,#4512),.PCURVE_S1.);
#4496 = CIRCLE('',#4497,3.25);
#4497 = AXIS2_PLACEMENT_3D('',#4498,#4499,#4500);
#4498 = CARTESIAN_POINT('',(26.25,0.,0.));
#4499 = DIRECTION('',(0.,0.,-1.));
#4500 = DIRECTION('',(-1.,0.,0.));
#4501 = PCURVE('',#4334,#4502);
#4502 = DEFINITIONAL_REPRESENTATION('',(#4503),#4511);
#4503 = ( BOUNDED_CURVE() B_SPLINE_CURVE(2,(#4504,#4505,#4506,#4507,
#4508,#4509,#4510),.UNSPECIFIED.,.T.,.F.) B_SPLINE_CURVE_WITH_KNOTS((1,2
    ,2,2,2,1),(-2.094395102393,0.,2.094395102393,4.188790204786,
6.28318530718,8.377580409573),.UNSPECIFIED.) CURVE() 
GEOMETRIC_REPRESENTATION_ITEM() RATIONAL_B_SPLINE_CURVE((1.,0.5,1.,0.5,
1.,0.5,1.)) REPRESENTATION_ITEM('') );
#4504 = CARTESIAN_POINT('',(23.,-4.679120177894E-16));
#4505 = CARTESIAN_POINT('',(23.,5.629165124599));
#4506 = CARTESIAN_POINT('',(27.875,2.814582562299));
#4507 = CARTESIAN_POINT('',(32.75,3.281084016564E-16));
#4508 = CARTESIAN_POINT('',(27.875,-2.814582562299));
#4509 = CARTESIAN_POINT('',(23.,-5.629165124599));
#4510 = CARTESIAN_POINT('',(23.,-4.679120177894E-16));
#4511 = ( GEOMETRIC_REPRESENTATION_CONTEXT(2) 
PARAMETRIC_REPRESENTATION_CONTEXT() REPRESENTATION_CONTEXT('2D SPACE',''
  ) );
#4512 = PCURVE('',#4513,#4518);
#4513 = CYLINDRICAL_SURFACE('',#4514,3.25);
#4514 = AXIS2_PLACEMENT_3D('',#4515,#4516,#4517);
#4515 = CARTESIAN_POINT('',(26.25,0.,12.));
#4516 = DIRECTION('',(0.,0.,-1.));
#4517 = DIRECTION('',(-1.,0.,0.));
#4518 = DEFINITIONAL_REPRESENTATION('',(#4519),#4523);
#4519 = LINE('',#4520,#4521);
#4520 = CARTESIAN_POINT('',(0.,12.));
#4521 = VECTOR('',#4522,1.);
#4522 = DIRECTION('',(1.,0.));
#4523 = ( GEOMETRIC_REPRESENTATION_CONTEXT(2) 
PARAMETRIC_REPRESENTATION_CONTEXT() REPRESENTATION_CONTEXT('2D SPACE',''
  ) );
#4524 = FACE_BOUND('',#4525,.F.);
#4525 = EDGE_LOOP('',(#4526));
#4526 = ORIENTED_EDGE('',*,*,#4527,.T.);
#4527 = EDGE_CURVE('',#4528,#4528,#4530,.T.);
#4528 = VERTEX_POINT('',#4529);
#4529 = CARTESIAN_POINT('',(7.107390870624,21.874299874789,0.));
#4530 = SURFACE_CURVE('',#4531,(#4536,#4547),.PCURVE_S1.);
#4531 = CIRCLE('',#4532,3.25);
#4532 = AXIS2_PLACEMENT_3D('',#4533,#4534,#4535);
#4533 = CARTESIAN_POINT('',(8.111696102342,24.965233552748,0.));
#4534 = DIRECTION('',(0.,0.,-1.));
#4535 = DIRECTION('',(-0.309016994375,-0.951056516295,-0.));
#4536 = PCURVE('',#4334,#4537);
#4537 = DEFINITIONAL_REPRESENTATION('',(#4538),#4546);
#4538 = ( BOUNDED_CURVE() B_SPLINE_CURVE(2,(#4539,#4540,#4541,#4542,
#4543,#4544,#4545),.UNSPECIFIED.,.T.,.F.) B_SPLINE_CURVE_WITH_KNOTS((1,2
    ,2,2,2,1),(-2.094395102393,0.,2.094395102393,4.188790204786,
6.28318530718,8.377580409573),.UNSPECIFIED.) CURVE() 
GEOMETRIC_REPRESENTATION_ITEM() RATIONAL_B_SPLINE_CURVE((1.,0.5,1.,0.5,
1.,0.5,1.)) REPRESENTATION_ITEM('') );
#4539 = CARTESIAN_POINT('',(7.107390870624,21.874299874789));
#4540 = CARTESIAN_POINT('',(1.753736697573,23.613807562432));
#4541 = CARTESIAN_POINT('',(5.937021631676,27.380454235549));
#4542 = CARTESIAN_POINT('',(10.12030656578,31.147100908666));
#4543 = CARTESIAN_POINT('',(11.290675804727,25.640946547906));
#4544 = CARTESIAN_POINT('',(12.461045043675,20.134792187145));
#4545 = CARTESIAN_POINT('',(7.107390870624,21.874299874789));
#4546 = ( GEOMETRIC_REPRESENTATION_CONTEXT(2) 
PARAMETRIC_REPRESENTATION_CONTEXT() REPRESENTATION_CONTEXT('2D SPACE',''
  ) );
#4547 = PCURVE('',#4548,#4553);
#4548 = CYLINDRICAL_SURFACE('',#4549,3.25);
#4549 = AXIS2_PLACEMENT_3D('',#4550,#4551,#4552);
#4550 = CARTESIAN_POINT('',(8.111696102342,24.965233552748,12.));
#4551 = DIRECTION('',(0.,0.,-1.));
#4552 = DIRECTION('',(-0.309016994375,-0.951056516295,0.));
#4553 = DEFINITIONAL_REPRESENTATION('',(#4554),#4558);
#4554 = LINE('',#4555,#4556);
#4555 = CARTESIAN_POINT('',(1.470587118627E-17,12.));
#4556 = VECTOR('',#4557,1.);
#4557 = DIRECTION('',(1.,0.));
#4558 = ( GEOMETRIC_REPRESENTATION_CONTEXT(2) 
PARAMETRIC_REPRESENTATION_CONTEXT() REPRESENTATION_CONTEXT('2D SPACE',''
  ) );
#4559 = ADVANCED_FACE('',(#4560,#4563),#4306,.T.);
#4560 = FACE_BOUND('',#4561,.T.);
#4561 = EDGE_LOOP('',(#4562));
#4562 = ORIENTED_EDGE('',*,*,#4291,.T.);
#4563 = FACE_BOUND('',#4564,.T.);
#4564 = EDGE_LOOP('',(#4565));
#4565 = ORIENTED_EDGE('',*,*,#4566,.T.);
#4566 = EDGE_CURVE('',#4567,#4567,#4569,.T.);
#4567 = VERTEX_POINT('',#4568);
#4568 = CARTESIAN_POINT('',(31.5,0.,3.5));
#4569 = SURFACE_CURVE('',#4570,(#4575,#4586),.PCURVE_S1.);
#4570 = CIRCLE('',#4571,31.5);
#4571 = AXIS2_PLACEMENT_3D('',#4572,#4573,#4574);
#4572 = CARTESIAN_POINT('',(0.,0.,3.5));
#4573 = DIRECTION('',(0.,0.,-1.));
#4574 = DIRECTION('',(1.,0.,0.));
#4575 = PCURVE('',#4306,#4576);
#4576 = DEFINITIONAL_REPRESENTATION('',(#4577),#4585);
#4577 = ( BOUNDED_CURVE() B_SPLINE_CURVE(2,(#4578,#4579,#4580,#4581,
#4582,#4583,#4584),.UNSPECIFIED.,.T.,.F.) B_SPLINE_CURVE_WITH_KNOTS((1,2
    ,2,2,2,1),(-2.094395102393,0.,2.094395102393,4.188790204786,
6.28318530718,8.377580409573),.UNSPECIFIED.) CURVE() 
GEOMETRIC_REPRESENTATION_ITEM() RATIONAL_B_SPLINE_CURVE((1.,0.5,1.,0.5,
1.,0.5,1.)) REPRESENTATION_ITEM('') );
#4578 = CARTESIAN_POINT('',(31.5,-4.679120177894E-16));
#4579 = CARTESIAN_POINT('',(31.5,-54.55960043842));
#4580 = CARTESIAN_POINT('',(-15.75,-27.27980021921));
#4581 = CARTESIAN_POINT('',(-63.,-8.183186852418E-15));
#4582 = CARTESIAN_POINT('',(-15.75,27.27980021921));
#4583 = CARTESIAN_POINT('',(31.5,54.55960043842));
#4584 = CARTESIAN_POINT('',(31.5,-4.679120177894E-16));
#4585 = ( GEOMETRIC_REPRESENTATION_CONTEXT(2) 
PARAMETRIC_REPRESENTATION_CONTEXT() REPRESENTATION_CONTEXT('2D SPACE',''
  ) );
#4586 = PCURVE('',#4587,#4592);
#4587 = CYLINDRICAL_SURFACE('',#4588,31.5);
#4588 = AXIS2_PLACEMENT_3D('',#4589,#4590,#4591);
#4589 = CARTESIAN_POINT('',(0.,0.,0.));
#4590 = DIRECTION('',(-0.,-0.,-1.));
#4591 = DIRECTION('',(1.,0.,0.));
#4592 = DEFINITIONAL_REPRESENTATION('',(#4593),#4597);
#4593 = LINE('',#4594,#4595);
#4594 = CARTESIAN_POINT('',(-6.28318530718,-3.5));
#4595 = VECTOR('',#4596,1.);
#4596 = DIRECTION('',(1.,-0.));
#4597 = ( GEOMETRIC_REPRESENTATION_CONTEXT(2) 
PARAMETRIC_REPRESENTATION_CONTEXT() REPRESENTATION_CONTEXT('2D SPACE',''
  ) );
#4598 = ADVANCED_FACE('',(#4599),#4373,.F.);
#4599 = FACE_BOUND('',#4600,.F.);
#4600 = EDGE_LOOP('',(#4601,#4602,#4625,#4656));
#4601 = ORIENTED_EDGE('',*,*,#4352,.F.);
#4602 = ORIENTED_EDGE('',*,*,#4603,.F.);
#4603 = EDGE_CURVE('',#4604,#4353,#4606,.T.);
#4604 = VERTEX_POINT('',#4605);
#4605 = CARTESIAN_POINT('',(-18.60739087062,-13.51906080272,12.));
#4606 = SEAM_CURVE('',#4607,(#4611,#4618),.PCURVE_S1.);
#4607 = LINE('',#4608,#4609);
#4608 = CARTESIAN_POINT('',(-18.60739087062,-13.51906080272,12.));
#4609 = VECTOR('',#4610,1.);
#4610 = DIRECTION('',(0.,-0.,-1.));
#4611 = PCURVE('',#4373,#4612);
#4612 = DEFINITIONAL_REPRESENTATION('',(#4613),#4617);
#4613 = LINE('',#4614,#4615);
#4614 = CARTESIAN_POINT('',(6.28318530718,-0.));
#4615 = VECTOR('',#4616,1.);
#4616 = DIRECTION('',(0.,1.));
#4617 = ( GEOMETRIC_REPRESENTATION_CONTEXT(2) 
PARAMETRIC_REPRESENTATION_CONTEXT() REPRESENTATION_CONTEXT('2D SPACE',''
  ) );
#4618 = PCURVE('',#4373,#4619);
#4619 = DEFINITIONAL_REPRESENTATION('',(#4620),#4624);
#4620 = LINE('',#4621,#4622);
#4621 = CARTESIAN_POINT('',(0.,-0.));
#4622 = VECTOR('',#4623,1.);
#4623 = DIRECTION('',(0.,1.));
#4624 = ( GEOMETRIC_REPRESENTATION_CONTEXT(2) 
PARAMETRIC_REPRESENTATION_CONTEXT() REPRESENTATION_CONTEXT('2D SPACE',''
  ) );
#4625 = ORIENTED_EDGE('',*,*,#4626,.T.);
#4626 = EDGE_CURVE('',#4604,#4604,#4627,.T.);
#4627 = SURFACE_CURVE('',#4628,(#4633,#4640),.PCURVE_S1.);
#4628 = CIRCLE('',#4629,3.25);
#4629 = AXIS2_PLACEMENT_3D('',#4630,#4631,#4632);
#4630 = CARTESIAN_POINT('',(-21.23669610234,-15.42936287267,12.));
#4631 = DIRECTION('',(0.,0.,-1.));
#4632 = DIRECTION('',(0.809016994375,0.587785252292,0.));
#4633 = PCURVE('',#4373,#4634);
#4634 = DEFINITIONAL_REPRESENTATION('',(#4635),#4639);
#4635 = LINE('',#4636,#4637);
#4636 = CARTESIAN_POINT('',(0.,0.));
#4637 = VECTOR('',#4638,1.);
#4638 = DIRECTION('',(1.,0.));
#4639 = ( GEOMETRIC_REPRESENTATION_CONTEXT(2) 
PARAMETRIC_REPRESENTATION_CONTEXT() REPRESENTATION_CONTEXT('2D SPACE',''
  ) );
#4640 = PCURVE('',#4641,#4646);
#4641 = PLANE('',#4642);
#4642 = AXIS2_PLACEMENT_3D('',#4643,#4644,#4645);
#4643 = CARTESIAN_POINT('',(-2.083718297203E-15,1.492411923833E-15,12.)
  );
#4644 = DIRECTION('',(0.,0.,1.));
#4645 = DIRECTION('',(1.,0.,-0.));
#4646 = DEFINITIONAL_REPRESENTATION('',(#4647),#4655);
#4647 = ( BOUNDED_CURVE() B_SPLINE_CURVE(2,(#4648,#4649,#4650,#4651,
#4652,#4653,#4654),.UNSPECIFIED.,.T.,.F.) B_SPLINE_CURVE_WITH_KNOTS((1,2
    ,2,2,2,1),(-2.094395102393,0.,2.094395102393,4.188790204786,
6.28318530718,8.377580409573),.UNSPECIFIED.) CURVE() 
GEOMETRIC_REPRESENTATION_ITEM() RATIONAL_B_SPLINE_CURVE((1.,0.5,1.,0.5,
1.,0.5,1.)) REPRESENTATION_ITEM('') );
#4648 = CARTESIAN_POINT('',(-18.60739087062,-13.51906080272));
#4649 = CARTESIAN_POINT('',(-15.29865062766,-18.07315105267));
#4650 = CARTESIAN_POINT('',(-20.89697859672,-18.66155903262));
#4651 = CARTESIAN_POINT('',(-26.49530656578,-19.24996701257));
#4652 = CARTESIAN_POINT('',(-24.20571883968,-14.10746878268));
#4653 = CARTESIAN_POINT('',(-21.91613111358,-8.964970552784));
#4654 = CARTESIAN_POINT('',(-18.60739087062,-13.51906080272));
#4655 = ( GEOMETRIC_REPRESENTATION_CONTEXT(2) 
PARAMETRIC_REPRESENTATION_CONTEXT() REPRESENTATION_CONTEXT('2D SPACE',''
  ) );
#4656 = ORIENTED_EDGE('',*,*,#4603,.T.);
#4657 = ADVANCED_FACE('',(#4658),#4408,.F.);
#4658 = FACE_BOUND('',#4659,.F.);
#4659 = EDGE_LOOP('',(#4660,#4661,#4684,#4710));
#4660 = ORIENTED_EDGE('',*,*,#4387,.F.);
#4661 = ORIENTED_EDGE('',*,*,#4662,.F.);
#4662 = EDGE_CURVE('',#4663,#4388,#4665,.T.);
#4663 = VERTEX_POINT('',#4664);
#4664 = CARTESIAN_POINT('',(7.107390870624,-21.87429987478,12.));
#4665 = SEAM_CURVE('',#4666,(#4670,#4677),.PCURVE_S1.);
#4666 = LINE('',#4667,#4668);
#4667 = CARTESIAN_POINT('',(7.107390870624,-21.87429987478,12.));
#4668 = VECTOR('',#4669,1.);
#4669 = DIRECTION('',(0.,0.,-1.));
#4670 = PCURVE('',#4408,#4671);
#4671 = DEFINITIONAL_REPRESENTATION('',(#4672),#4676);
#4672 = LINE('',#4673,#4674);
#4673 = CARTESIAN_POINT('',(6.28318530718,-0.));
#4674 = VECTOR('',#4675,1.);
#4675 = DIRECTION('',(0.,1.));
#4676 = ( GEOMETRIC_REPRESENTATION_CONTEXT(2) 
PARAMETRIC_REPRESENTATION_CONTEXT() REPRESENTATION_CONTEXT('2D SPACE',''
  ) );
#4677 = PCURVE('',#4408,#4678);
#4678 = DEFINITIONAL_REPRESENTATION('',(#4679),#4683);
#4679 = LINE('',#4680,#4681);
#4680 = CARTESIAN_POINT('',(0.,-0.));
#4681 = VECTOR('',#4682,1.);
#4682 = DIRECTION('',(0.,1.));
#4683 = ( GEOMETRIC_REPRESENTATION_CONTEXT(2) 
PARAMETRIC_REPRESENTATION_CONTEXT() REPRESENTATION_CONTEXT('2D SPACE',''
  ) );
#4684 = ORIENTED_EDGE('',*,*,#4685,.T.);
#4685 = EDGE_CURVE('',#4663,#4663,#4686,.T.);
#4686 = SURFACE_CURVE('',#4687,(#4692,#4699),.PCURVE_S1.);
#4687 = CIRCLE('',#4688,3.25);
#4688 = AXIS2_PLACEMENT_3D('',#4689,#4690,#4691);
#4689 = CARTESIAN_POINT('',(8.111696102342,-24.96523355274,12.));
#4690 = DIRECTION('',(0.,0.,-1.));
#4691 = DIRECTION('',(-0.309016994375,0.951056516295,0.));
#4692 = PCURVE('',#4408,#4693);
#4693 = DEFINITIONAL_REPRESENTATION('',(#4694),#4698);
#4694 = LINE('',#4695,#4696);
#4695 = CARTESIAN_POINT('',(0.,0.));
#4696 = VECTOR('',#4697,1.);
#4697 = DIRECTION('',(1.,0.));
#4698 = ( GEOMETRIC_REPRESENTATION_CONTEXT(2) 
PARAMETRIC_REPRESENTATION_CONTEXT() REPRESENTATION_CONTEXT('2D SPACE',''
  ) );
#4699 = PCURVE('',#4641,#4700);
#4700 = DEFINITIONAL_REPRESENTATION('',(#4701),#4709);
#4701 = ( BOUNDED_CURVE() B_SPLINE_CURVE(2,(#4702,#4703,#4704,#4705,
#4706,#4707,#4708),.UNSPECIFIED.,.T.,.F.) B_SPLINE_CURVE_WITH_KNOTS((1,2
    ,2,2,2,1),(-2.094395102393,0.,2.094395102393,4.188790204786,
6.28318530718,8.377580409573),.UNSPECIFIED.) CURVE() 
GEOMETRIC_REPRESENTATION_ITEM() RATIONAL_B_SPLINE_CURVE((1.,0.5,1.,0.5,
1.,0.5,1.)) REPRESENTATION_ITEM('') );
#4702 = CARTESIAN_POINT('',(7.107390870624,-21.87429987478));
#4703 = CARTESIAN_POINT('',(12.461045043675,-20.13479218714));
#4704 = CARTESIAN_POINT('',(11.290675804727,-25.6409465479));
#4705 = CARTESIAN_POINT('',(10.12030656578,-31.14710090866));
#4706 = CARTESIAN_POINT('',(5.937021631676,-27.38045423554));
#4707 = CARTESIAN_POINT('',(1.753736697573,-23.61380756243));
#4708 = CARTESIAN_POINT('',(7.107390870624,-21.87429987478));
#4709 = ( GEOMETRIC_REPRESENTATION_CONTEXT(2) 
PARAMETRIC_REPRESENTATION_CONTEXT() REPRESENTATION_CONTEXT('2D SPACE',''
  ) );
#4710 = ORIENTED_EDGE('',*,*,#4662,.T.);
#4711 = ADVANCED_FACE('',(#4712),#4443,.F.);
#4712 = FACE_BOUND('',#4713,.F.);
#4713 = EDGE_LOOP('',(#4714,#4715,#4738,#4764));
#4714 = ORIENTED_EDGE('',*,*,#4422,.F.);
#4715 = ORIENTED_EDGE('',*,*,#4716,.F.);
#4716 = EDGE_CURVE('',#4717,#4423,#4719,.T.);
#4717 = VERTEX_POINT('',#4718);
#4718 = CARTESIAN_POINT('',(-10.5,-1.089446902021E-15,12.));
#4719 = SEAM_CURVE('',#4720,(#4724,#4731),.PCURVE_S1.);
#4720 = LINE('',#4721,#4722);
#4721 = CARTESIAN_POINT('',(-10.5,-1.089446902021E-15,12.));
#4722 = VECTOR('',#4723,1.);
#4723 = DIRECTION('',(0.,0.,-1.));
#4724 = PCURVE('',#4443,#4725);
#4725 = DEFINITIONAL_REPRESENTATION('',(#4726),#4730);
#4726 = LINE('',#4727,#4728);
#4727 = CARTESIAN_POINT('',(6.28318530718,-0.));
#4728 = VECTOR('',#4729,1.);
#4729 = DIRECTION('',(0.,1.));
#4730 = ( GEOMETRIC_REPRESENTATION_CONTEXT(2) 
PARAMETRIC_REPRESENTATION_CONTEXT() REPRESENTATION_CONTEXT('2D SPACE',''
  ) );
#4731 = PCURVE('',#4443,#4732);
#4732 = DEFINITIONAL_REPRESENTATION('',(#4733),#4737);
#4733 = LINE('',#4734,#4735);
#4734 = CARTESIAN_POINT('',(0.,-0.));
#4735 = VECTOR('',#4736,1.);
#4736 = DIRECTION('',(0.,1.));
#4737 = ( GEOMETRIC_REPRESENTATION_CONTEXT(2) 
PARAMETRIC_REPRESENTATION_CONTEXT() REPRESENTATION_CONTEXT('2D SPACE',''
  ) );
#4738 = ORIENTED_EDGE('',*,*,#4739,.T.);
#4739 = EDGE_CURVE('',#4717,#4717,#4740,.T.);
#4740 = SURFACE_CURVE('',#4741,(#4746,#4753),.PCURVE_S1.);
#4741 = CIRCLE('',#4742,10.5);
#4742 = AXIS2_PLACEMENT_3D('',#4743,#4744,#4745);
#4743 = CARTESIAN_POINT('',(0.,1.482311376189E-15,12.));
#4744 = DIRECTION('',(0.,0.,-1.));
#4745 = DIRECTION('',(-1.,0.,0.));
#4746 = PCURVE('',#4443,#4747);
#4747 = DEFINITIONAL_REPRESENTATION('',(#4748),#4752);
#4748 = LINE('',#4749,#4750);
#4749 = CARTESIAN_POINT('',(0.,0.));
#4750 = VECTOR('',#4751,1.);
#4751 = DIRECTION('',(1.,0.));
#4752 = ( GEOMETRIC_REPRESENTATION_CONTEXT(2) 
PARAMETRIC_REPRESENTATION_CONTEXT() REPRESENTATION_CONTEXT('2D SPACE',''
  ) );
#4753 = PCURVE('',#4641,#4754);
#4754 = DEFINITIONAL_REPRESENTATION('',(#4755),#4763);
#4755 = ( BOUNDED_CURVE() B_SPLINE_CURVE(2,(#4756,#4757,#4758,#4759,
#4760,#4761,#4762),.UNSPECIFIED.,.T.,.F.) B_SPLINE_CURVE_WITH_KNOTS((1,2
    ,2,2,2,1),(-2.094395102393,0.,2.094395102393,4.188790204786,
6.28318530718,8.377580409573),.UNSPECIFIED.) CURVE() 
GEOMETRIC_REPRESENTATION_ITEM() RATIONAL_B_SPLINE_CURVE((1.,0.5,1.,0.5,
1.,0.5,1.)) REPRESENTATION_ITEM('') );
#4756 = CARTESIAN_POINT('',(-10.5,-1.010054764365E-17));
#4757 = CARTESIAN_POINT('',(-10.5,18.186533479473));
#4758 = CARTESIAN_POINT('',(5.25,9.093266739737));
#4759 = CARTESIAN_POINT('',(21.,2.561657730566E-15));
#4760 = CARTESIAN_POINT('',(5.25,-9.093266739737));
#4761 = CARTESIAN_POINT('',(-10.5,-18.18653347947));
#4762 = CARTESIAN_POINT('',(-10.5,-1.010054764365E-17));
#4763 = ( GEOMETRIC_REPRESENTATION_CONTEXT(2) 
PARAMETRIC_REPRESENTATION_CONTEXT() REPRESENTATION_CONTEXT('2D SPACE',''
  ) );
#4764 = ORIENTED_EDGE('',*,*,#4716,.T.);
#4765 = ADVANCED_FACE('',(#4766),#4478,.F.);
#4766 = FACE_BOUND('',#4767,.F.);
#4767 = EDGE_LOOP('',(#4768,#4769,#4792,#4818));
#4768 = ORIENTED_EDGE('',*,*,#4457,.F.);
#4769 = ORIENTED_EDGE('',*,*,#4770,.F.);
#4770 = EDGE_CURVE('',#4771,#4458,#4773,.T.);
#4771 = VERTEX_POINT('',#4772);
#4772 = CARTESIAN_POINT('',(-18.60739087062,13.519060802727,12.));
#4773 = SEAM_CURVE('',#4774,(#4778,#4785),.PCURVE_S1.);
#4774 = LINE('',#4775,#4776);
#4775 = CARTESIAN_POINT('',(-18.60739087062,13.519060802727,12.));
#4776 = VECTOR('',#4777,1.);
#4777 = DIRECTION('',(-0.,0.,-1.));
#4778 = PCURVE('',#4478,#4779);
#4779 = DEFINITIONAL_REPRESENTATION('',(#4780),#4784);
#4780 = LINE('',#4781,#4782);
#4781 = CARTESIAN_POINT('',(6.28318530718,-0.));
#4782 = VECTOR('',#4783,1.);
#4783 = DIRECTION('',(0.,1.));
#4784 = ( GEOMETRIC_REPRESENTATION_CONTEXT(2) 
PARAMETRIC_REPRESENTATION_CONTEXT() REPRESENTATION_CONTEXT('2D SPACE',''
  ) );
#4785 = PCURVE('',#4478,#4786);
#4786 = DEFINITIONAL_REPRESENTATION('',(#4787),#4791);
#4787 = LINE('',#4788,#4789);
#4788 = CARTESIAN_POINT('',(0.,-0.));
#4789 = VECTOR('',#4790,1.);
#4790 = DIRECTION('',(0.,1.));
#4791 = ( GEOMETRIC_REPRESENTATION_CONTEXT(2) 
PARAMETRIC_REPRESENTATION_CONTEXT() REPRESENTATION_CONTEXT('2D SPACE',''
  ) );
#4792 = ORIENTED_EDGE('',*,*,#4793,.T.);
#4793 = EDGE_CURVE('',#4771,#4771,#4794,.T.);
#4794 = SURFACE_CURVE('',#4795,(#4800,#4807),.PCURVE_S1.);
#4795 = CIRCLE('',#4796,3.25);
#4796 = AXIS2_PLACEMENT_3D('',#4797,#4798,#4799);
#4797 = CARTESIAN_POINT('',(-21.23669610234,15.429362872677,12.));
#4798 = DIRECTION('',(0.,-0.,-1.));
#4799 = DIRECTION('',(0.809016994375,-0.587785252292,0.));
#4800 = PCURVE('',#4478,#4801);
#4801 = DEFINITIONAL_REPRESENTATION('',(#4802),#4806);
#4802 = LINE('',#4803,#4804);
#4803 = CARTESIAN_POINT('',(0.,0.));
#4804 = VECTOR('',#4805,1.);
#4805 = DIRECTION('',(1.,0.));
#4806 = ( GEOMETRIC_REPRESENTATION_CONTEXT(2) 
PARAMETRIC_REPRESENTATION_CONTEXT() REPRESENTATION_CONTEXT('2D SPACE',''
  ) );
#4807 = PCURVE('',#4641,#4808);
#4808 = DEFINITIONAL_REPRESENTATION('',(#4809),#4817);
#4809 = ( BOUNDED_CURVE() B_SPLINE_CURVE(2,(#4810,#4811,#4812,#4813,
#4814,#4815,#4816),.UNSPECIFIED.,.T.,.F.) B_SPLINE_CURVE_WITH_KNOTS((1,2
    ,2,2,2,1),(-2.094395102393,0.,2.094395102393,4.188790204786,
6.28318530718,8.377580409573),.UNSPECIFIED.) CURVE() 
GEOMETRIC_REPRESENTATION_ITEM() RATIONAL_B_SPLINE_CURVE((1.,0.5,1.,0.5,
1.,0.5,1.)) REPRESENTATION_ITEM('') );
#4810 = CARTESIAN_POINT('',(-18.60739087062,13.519060802727));
#4811 = CARTESIAN_POINT('',(-21.91613111358,8.964970552784));
#4812 = CARTESIAN_POINT('',(-24.20571883968,14.107468782681));
#4813 = CARTESIAN_POINT('',(-26.49530656578,19.249967012578));
#4814 = CARTESIAN_POINT('',(-20.89697859672,18.661559032624));
#4815 = CARTESIAN_POINT('',(-15.29865062766,18.07315105267));
#4816 = CARTESIAN_POINT('',(-18.60739087062,13.519060802727));
#4817 = ( GEOMETRIC_REPRESENTATION_CONTEXT(2) 
PARAMETRIC_REPRESENTATION_CONTEXT() REPRESENTATION_CONTEXT('2D SPACE',''
  ) );
#4818 = ORIENTED_EDGE('',*,*,#4770,.T.);
#4819 = ADVANCED_FACE('',(#4820),#4513,.F.);
#4820 = FACE_BOUND('',#4821,.F.);
#4821 = EDGE_LOOP('',(#4822,#4823,#4846,#4872));
#4822 = ORIENTED_EDGE('',*,*,#4492,.F.);
#4823 = ORIENTED_EDGE('',*,*,#4824,.F.);
#4824 = EDGE_CURVE('',#4825,#4493,#4827,.T.);
#4825 = VERTEX_POINT('',#4826);
#4826 = CARTESIAN_POINT('',(23.,-7.960204194458E-16,12.));
#4827 = SEAM_CURVE('',#4828,(#4832,#4839),.PCURVE_S1.);
#4828 = LINE('',#4829,#4830);
#4829 = CARTESIAN_POINT('',(23.,-7.960204194458E-16,12.));
#4830 = VECTOR('',#4831,1.);
#4831 = DIRECTION('',(0.,0.,-1.));
#4832 = PCURVE('',#4513,#4833);
#4833 = DEFINITIONAL_REPRESENTATION('',(#4834),#4838);
#4834 = LINE('',#4835,#4836);
#4835 = CARTESIAN_POINT('',(6.28318530718,-0.));
#4836 = VECTOR('',#4837,1.);
#4837 = DIRECTION('',(0.,1.));
#4838 = ( GEOMETRIC_REPRESENTATION_CONTEXT(2) 
PARAMETRIC_REPRESENTATION_CONTEXT() REPRESENTATION_CONTEXT('2D SPACE',''
  ) );
#4839 = PCURVE('',#4513,#4840);
#4840 = DEFINITIONAL_REPRESENTATION('',(#4841),#4845);
#4841 = LINE('',#4842,#4843);
#4842 = CARTESIAN_POINT('',(0.,-0.));
#4843 = VECTOR('',#4844,1.);
#4844 = DIRECTION('',(0.,1.));
#4845 = ( GEOMETRIC_REPRESENTATION_CONTEXT(2) 
PARAMETRIC_REPRESENTATION_CONTEXT() REPRESENTATION_CONTEXT('2D SPACE',''
  ) );
#4846 = ORIENTED_EDGE('',*,*,#4847,.T.);
#4847 = EDGE_CURVE('',#4825,#4825,#4848,.T.);
#4848 = SURFACE_CURVE('',#4849,(#4854,#4861),.PCURVE_S1.);
#4849 = CIRCLE('',#4850,3.25);
#4850 = AXIS2_PLACEMENT_3D('',#4851,#4852,#4853);
#4851 = CARTESIAN_POINT('',(26.25,0.,12.));
#4852 = DIRECTION('',(0.,0.,-1.));
#4853 = DIRECTION('',(-1.,0.,0.));
#4854 = PCURVE('',#4513,#4855);
#4855 = DEFINITIONAL_REPRESENTATION('',(#4856),#4860);
#4856 = LINE('',#4857,#4858);
#4857 = CARTESIAN_POINT('',(0.,0.));
#4858 = VECTOR('',#4859,1.);
#4859 = DIRECTION('',(1.,0.));
#4860 = ( GEOMETRIC_REPRESENTATION_CONTEXT(2) 
PARAMETRIC_REPRESENTATION_CONTEXT() REPRESENTATION_CONTEXT('2D SPACE',''
  ) );
#4861 = PCURVE('',#4641,#4862);
#4862 = DEFINITIONAL_REPRESENTATION('',(#4863),#4871);
#4863 = ( BOUNDED_CURVE() B_SPLINE_CURVE(2,(#4864,#4865,#4866,#4867,
#4868,#4869,#4870),.UNSPECIFIED.,.T.,.F.) B_SPLINE_CURVE_WITH_KNOTS((1,2
    ,2,2,2,1),(-2.094395102393,0.,2.094395102393,4.188790204786,
6.28318530718,8.377580409573),.UNSPECIFIED.) CURVE() 
GEOMETRIC_REPRESENTATION_ITEM() RATIONAL_B_SPLINE_CURVE((1.,0.5,1.,0.5,
1.,0.5,1.)) REPRESENTATION_ITEM('') );
#4864 = CARTESIAN_POINT('',(23.,-1.492411923833E-15));
#4865 = CARTESIAN_POINT('',(23.,5.629165124599));
#4866 = CARTESIAN_POINT('',(27.875,2.814582562299));
#4867 = CARTESIAN_POINT('',(32.75,-6.963915043867E-16));
#4868 = CARTESIAN_POINT('',(27.875,-2.814582562299));
#4869 = CARTESIAN_POINT('',(23.,-5.629165124599));
#4870 = CARTESIAN_POINT('',(23.,-1.492411923833E-15));
#4871 = ( GEOMETRIC_REPRESENTATION_CONTEXT(2) 
PARAMETRIC_REPRESENTATION_CONTEXT() REPRESENTATION_CONTEXT('2D SPACE',''
  ) );
#4872 = ORIENTED_EDGE('',*,*,#4824,.T.);
#4873 = ADVANCED_FACE('',(#4874),#4548,.F.);
#4874 = FACE_BOUND('',#4875,.F.);
#4875 = EDGE_LOOP('',(#4876,#4877,#4900,#4926));
#4876 = ORIENTED_EDGE('',*,*,#4527,.F.);
#4877 = ORIENTED_EDGE('',*,*,#4878,.F.);
#4878 = EDGE_CURVE('',#4879,#4528,#4881,.T.);
#4879 = VERTEX_POINT('',#4880);
#4880 = CARTESIAN_POINT('',(7.107390870624,21.874299874789,12.));
#4881 = SEAM_CURVE('',#4882,(#4886,#4893),.PCURVE_S1.);
#4882 = LINE('',#4883,#4884);
#4883 = CARTESIAN_POINT('',(7.107390870624,21.874299874789,12.));
#4884 = VECTOR('',#4885,1.);
#4885 = DIRECTION('',(0.,0.,-1.));
#4886 = PCURVE('',#4548,#4887);
#4887 = DEFINITIONAL_REPRESENTATION('',(#4888),#4892);
#4888 = LINE('',#4889,#4890);
#4889 = CARTESIAN_POINT('',(6.28318530718,-0.));
#4890 = VECTOR('',#4891,1.);
#4891 = DIRECTION('',(0.,1.));
#4892 = ( GEOMETRIC_REPRESENTATION_CONTEXT(2) 
PARAMETRIC_REPRESENTATION_CONTEXT() REPRESENTATION_CONTEXT('2D SPACE',''
  ) );
#4893 = PCURVE('',#4548,#4894);
#4894 = DEFINITIONAL_REPRESENTATION('',(#4895),#4899);
#4895 = LINE('',#4896,#4897);
#4896 = CARTESIAN_POINT('',(0.,-0.));
#4897 = VECTOR('',#4898,1.);
#4898 = DIRECTION('',(0.,1.));
#4899 = ( GEOMETRIC_REPRESENTATION_CONTEXT(2) 
PARAMETRIC_REPRESENTATION_CONTEXT() REPRESENTATION_CONTEXT('2D SPACE',''
  ) );
#4900 = ORIENTED_EDGE('',*,*,#4901,.T.);
#4901 = EDGE_CURVE('',#4879,#4879,#4902,.T.);
#4902 = SURFACE_CURVE('',#4903,(#4908,#4915),.PCURVE_S1.);
#4903 = CIRCLE('',#4904,3.25);
#4904 = AXIS2_PLACEMENT_3D('',#4905,#4906,#4907);
#4905 = CARTESIAN_POINT('',(8.111696102342,24.965233552748,12.));
#4906 = DIRECTION('',(-0.,0.,-1.));
#4907 = DIRECTION('',(-0.309016994375,-0.951056516295,0.));
#4908 = PCURVE('',#4548,#4909);
#4909 = DEFINITIONAL_REPRESENTATION('',(#4910),#4914);
#4910 = LINE('',#4911,#4912);
#4911 = CARTESIAN_POINT('',(0.,0.));
#4912 = VECTOR('',#4913,1.);
#4913 = DIRECTION('',(1.,0.));
#4914 = ( GEOMETRIC_REPRESENTATION_CONTEXT(2) 
PARAMETRIC_REPRESENTATION_CONTEXT() REPRESENTATION_CONTEXT('2D SPACE',''
  ) );
#4915 = PCURVE('',#4641,#4916);
#4916 = DEFINITIONAL_REPRESENTATION('',(#4917),#4925);
#4917 = ( BOUNDED_CURVE() B_SPLINE_CURVE(2,(#4918,#4919,#4920,#4921,
#4922,#4923,#4924),.UNSPECIFIED.,.T.,.F.) B_SPLINE_CURVE_WITH_KNOTS((1,2
    ,2,2,2,1),(-2.094395102393,0.,2.094395102393,4.188790204786,
6.28318530718,8.377580409573),.UNSPECIFIED.) CURVE() 
GEOMETRIC_REPRESENTATION_ITEM() RATIONAL_B_SPLINE_CURVE((1.,0.5,1.,0.5,
1.,0.5,1.)) REPRESENTATION_ITEM('') );
#4918 = CARTESIAN_POINT('',(7.107390870624,21.874299874789));
#4919 = CARTESIAN_POINT('',(1.753736697573,23.613807562432));
#4920 = CARTESIAN_POINT('',(5.937021631676,27.380454235549));
#4921 = CARTESIAN_POINT('',(10.12030656578,31.147100908666));
#4922 = CARTESIAN_POINT('',(11.290675804727,25.640946547906));
#4923 = CARTESIAN_POINT('',(12.461045043675,20.134792187145));
#4924 = CARTESIAN_POINT('',(7.107390870624,21.874299874789));
#4925 = ( GEOMETRIC_REPRESENTATION_CONTEXT(2) 
PARAMETRIC_REPRESENTATION_CONTEXT() REPRESENTATION_CONTEXT('2D SPACE',''
  ) );
#4926 = ORIENTED_EDGE('',*,*,#4878,.T.);
#4927 = ADVANCED_FACE('',(#4928),#4587,.T.);
#4928 = FACE_BOUND('',#4929,.F.);
#4929 = EDGE_LOOP('',(#4930,#4931,#4954,#4985));
#4930 = ORIENTED_EDGE('',*,*,#4566,.T.);
#4931 = ORIENTED_EDGE('',*,*,#4932,.T.);
#4932 = EDGE_CURVE('',#4567,#4933,#4935,.T.);
#4933 = VERTEX_POINT('',#4934);
#4934 = CARTESIAN_POINT('',(31.5,0.,8.5));
#4935 = SEAM_CURVE('',#4936,(#4940,#4947),.PCURVE_S1.);
#4936 = LINE('',#4937,#4938);
#4937 = CARTESIAN_POINT('',(31.5,0.,0.));
#4938 = VECTOR('',#4939,1.);
#4939 = DIRECTION('',(0.,0.,1.));
#4940 = PCURVE('',#4587,#4941);
#4941 = DEFINITIONAL_REPRESENTATION('',(#4942),#4946);
#4942 = LINE('',#4943,#4944);
#4943 = CARTESIAN_POINT('',(-6.28318530718,0.));
#4944 = VECTOR('',#4945,1.);
#4945 = DIRECTION('',(-0.,-1.));
#4946 = ( GEOMETRIC_REPRESENTATION_CONTEXT(2) 
PARAMETRIC_REPRESENTATION_CONTEXT() REPRESENTATION_CONTEXT('2D SPACE',''
  ) );
#4947 = PCURVE('',#4587,#4948);
#4948 = DEFINITIONAL_REPRESENTATION('',(#4949),#4953);
#4949 = LINE('',#4950,#4951);
#4950 = CARTESIAN_POINT('',(-0.,0.));
#4951 = VECTOR('',#4952,1.);
#4952 = DIRECTION('',(-0.,-1.));
#4953 = ( GEOMETRIC_REPRESENTATION_CONTEXT(2) 
PARAMETRIC_REPRESENTATION_CONTEXT() REPRESENTATION_CONTEXT('2D SPACE',''
  ) );
#4954 = ORIENTED_EDGE('',*,*,#4955,.F.);
#4955 = EDGE_CURVE('',#4933,#4933,#4956,.T.);
#4956 = SURFACE_CURVE('',#4957,(#4962,#4969),.PCURVE_S1.);
#4957 = CIRCLE('',#4958,31.5);
#4958 = AXIS2_PLACEMENT_3D('',#4959,#4960,#4961);
#4959 = CARTESIAN_POINT('',(0.,0.,8.5));
#4960 = DIRECTION('',(0.,0.,-1.));
#4961 = DIRECTION('',(1.,0.,0.));
#4962 = PCURVE('',#4587,#4963);
#4963 = DEFINITIONAL_REPRESENTATION('',(#4964),#4968);
#4964 = LINE('',#4965,#4966);
#4965 = CARTESIAN_POINT('',(-6.28318530718,-8.5));
#4966 = VECTOR('',#4967,1.);
#4967 = DIRECTION('',(1.,-0.));
#4968 = ( GEOMETRIC_REPRESENTATION_CONTEXT(2) 
PARAMETRIC_REPRESENTATION_CONTEXT() REPRESENTATION_CONTEXT('2D SPACE',''
  ) );
#4969 = PCURVE('',#4970,#4975);
#4970 = PLANE('',#4971);
#4971 = AXIS2_PLACEMENT_3D('',#4972,#4973,#4974);
#4972 = CARTESIAN_POINT('',(-4.375808424126E-15,4.679120177894E-16,8.5)
  );
#4973 = DIRECTION('',(0.,0.,1.));
#4974 = DIRECTION('',(1.,0.,-0.));
#4975 = DEFINITIONAL_REPRESENTATION('',(#4976),#4984);
#4976 = ( BOUNDED_CURVE() B_SPLINE_CURVE(2,(#4977,#4978,#4979,#4980,
#4981,#4982,#4983),.UNSPECIFIED.,.T.,.F.) B_SPLINE_CURVE_WITH_KNOTS((1,2
    ,2,2,2,1),(-2.094395102393,0.,2.094395102393,4.188790204786,
6.28318530718,8.377580409573),.UNSPECIFIED.) CURVE() 
GEOMETRIC_REPRESENTATION_ITEM() RATIONAL_B_SPLINE_CURVE((1.,0.5,1.,0.5,
1.,0.5,1.)) REPRESENTATION_ITEM('') );
#4977 = CARTESIAN_POINT('',(31.5,-4.679120177894E-16));
#4978 = CARTESIAN_POINT('',(31.5,-54.55960043842));
#4979 = CARTESIAN_POINT('',(-15.75,-27.27980021921));
#4980 = CARTESIAN_POINT('',(-63.,-8.183186852418E-15));
#4981 = CARTESIAN_POINT('',(-15.75,27.27980021921));
#4982 = CARTESIAN_POINT('',(31.5,54.55960043842));
#4983 = CARTESIAN_POINT('',(31.5,-4.679120177894E-16));
#4984 = ( GEOMETRIC_REPRESENTATION_CONTEXT(2) 
PARAMETRIC_REPRESENTATION_CONTEXT() REPRESENTATION_CONTEXT('2D SPACE',''
  ) );
#4985 = ORIENTED_EDGE('',*,*,#4932,.F.);
#4986 = ADVANCED_FACE('',(#4987,#5018,#5021,#5024,#5027,#5030,#5033),
  #4641,.T.);
#4987 = FACE_BOUND('',#4988,.T.);
#4988 = EDGE_LOOP('',(#4989));
#4989 = ORIENTED_EDGE('',*,*,#4990,.T.);
#4990 = EDGE_CURVE('',#4991,#4991,#4993,.T.);
#4991 = VERTEX_POINT('',#4992);
#4992 = CARTESIAN_POINT('',(60.,0.,12.));
#4993 = SURFACE_CURVE('',#4994,(#4999,#5006),.PCURVE_S1.);
#4994 = CIRCLE('',#4995,60.);
#4995 = AXIS2_PLACEMENT_3D('',#4996,#4997,#4998);
#4996 = CARTESIAN_POINT('',(0.,0.,12.));
#4997 = DIRECTION('',(0.,0.,1.));
#4998 = DIRECTION('',(1.,0.,0.));
#4999 = PCURVE('',#4641,#5000);
#5000 = DEFINITIONAL_REPRESENTATION('',(#5001),#5005);
#5001 = CIRCLE('',#5002,60.);
#5002 = AXIS2_PLACEMENT_2D('',#5003,#5004);
#5003 = CARTESIAN_POINT('',(2.083718297203E-15,-1.492411923833E-15));
#5004 = DIRECTION('',(1.,0.));
#5005 = ( GEOMETRIC_REPRESENTATION_CONTEXT(2) 
PARAMETRIC_REPRESENTATION_CONTEXT() REPRESENTATION_CONTEXT('2D SPACE',''
  ) );
#5006 = PCURVE('',#5007,#5012);
#5007 = CYLINDRICAL_SURFACE('',#5008,60.);
#5008 = AXIS2_PLACEMENT_3D('',#5009,#5010,#5011);
#5009 = CARTESIAN_POINT('',(0.,0.,8.5));
#5010 = DIRECTION('',(-0.,-0.,-1.));
#5011 = DIRECTION('',(1.,0.,0.));
#5012 = DEFINITIONAL_REPRESENTATION('',(#5013),#5017);
#5013 = LINE('',#5014,#5015);
#5014 = CARTESIAN_POINT('',(-0.,-3.5));
#5015 = VECTOR('',#5016,1.);
#5016 = DIRECTION('',(-1.,0.));
#5017 = ( GEOMETRIC_REPRESENTATION_CONTEXT(2) 
PARAMETRIC_REPRESENTATION_CONTEXT() REPRESENTATION_CONTEXT('2D SPACE',''
  ) );
#5018 = FACE_BOUND('',#5019,.T.);
#5019 = EDGE_LOOP('',(#5020));
#5020 = ORIENTED_EDGE('',*,*,#4626,.T.);
#5021 = FACE_BOUND('',#5022,.T.);
#5022 = EDGE_LOOP('',(#5023));
#5023 = ORIENTED_EDGE('',*,*,#4685,.T.);
#5024 = FACE_BOUND('',#5025,.T.);
#5025 = EDGE_LOOP('',(#5026));
#5026 = ORIENTED_EDGE('',*,*,#4739,.T.);
#5027 = FACE_BOUND('',#5028,.T.);
#5028 = EDGE_LOOP('',(#5029));
#5029 = ORIENTED_EDGE('',*,*,#4793,.T.);
#5030 = FACE_BOUND('',#5031,.T.);
#5031 = EDGE_LOOP('',(#5032));
#5032 = ORIENTED_EDGE('',*,*,#4847,.T.);
#5033 = FACE_BOUND('',#5034,.T.);
#5034 = EDGE_LOOP('',(#5035));
#5035 = ORIENTED_EDGE('',*,*,#4901,.T.);
#5036 = ADVANCED_FACE('',(#5037,#5063),#4970,.F.);
#5037 = FACE_BOUND('',#5038,.F.);
#5038 = EDGE_LOOP('',(#5039));
#5039 = ORIENTED_EDGE('',*,*,#5040,.T.);
#5040 = EDGE_CURVE('',#5041,#5041,#5043,.T.);
#5041 = VERTEX_POINT('',#5042);
#5042 = CARTESIAN_POINT('',(60.,0.,8.5));
#5043 = SURFACE_CURVE('',#5044,(#5049,#5056),.PCURVE_S1.);
#5044 = CIRCLE('',#5045,60.);
#5045 = AXIS2_PLACEMENT_3D('',#5046,#5047,#5048);
#5046 = CARTESIAN_POINT('',(0.,0.,8.5));
#5047 = DIRECTION('',(0.,0.,1.));
#5048 = DIRECTION('',(1.,0.,0.));
#5049 = PCURVE('',#4970,#5050);
#5050 = DEFINITIONAL_REPRESENTATION('',(#5051),#5055);
#5051 = CIRCLE('',#5052,60.);
#5052 = AXIS2_PLACEMENT_2D('',#5053,#5054);
#5053 = CARTESIAN_POINT('',(4.375808424126E-15,-4.679120177894E-16));
#5054 = DIRECTION('',(1.,0.));
#5055 = ( GEOMETRIC_REPRESENTATION_CONTEXT(2) 
PARAMETRIC_REPRESENTATION_CONTEXT() REPRESENTATION_CONTEXT('2D SPACE',''
  ) );
#5056 = PCURVE('',#5007,#5057);
#5057 = DEFINITIONAL_REPRESENTATION('',(#5058),#5062);
#5058 = LINE('',#5059,#5060);
#5059 = CARTESIAN_POINT('',(-0.,0.));
#5060 = VECTOR('',#5061,1.);
#5061 = DIRECTION('',(-1.,0.));
#5062 = ( GEOMETRIC_REPRESENTATION_CONTEXT(2) 
PARAMETRIC_REPRESENTATION_CONTEXT() REPRESENTATION_CONTEXT('2D SPACE',''
  ) );
#5063 = FACE_BOUND('',#5064,.F.);
#5064 = EDGE_LOOP('',(#5065));
#5065 = ORIENTED_EDGE('',*,*,#4955,.T.);
#5066 = ADVANCED_FACE('',(#5067),#5007,.T.);
#5067 = FACE_BOUND('',#5068,.F.);
#5068 = EDGE_LOOP('',(#5069,#5090,#5091,#5092));
#5069 = ORIENTED_EDGE('',*,*,#5070,.T.);
#5070 = EDGE_CURVE('',#5041,#4991,#5071,.T.);
#5071 = SEAM_CURVE('',#5072,(#5076,#5083),.PCURVE_S1.);
#5072 = LINE('',#5073,#5074);
#5073 = CARTESIAN_POINT('',(60.,0.,8.5));
#5074 = VECTOR('',#5075,1.);
#5075 = DIRECTION('',(0.,0.,1.));
#5076 = PCURVE('',#5007,#5077);
#5077 = DEFINITIONAL_REPRESENTATION('',(#5078),#5082);
#5078 = LINE('',#5079,#5080);
#5079 = CARTESIAN_POINT('',(-0.,0.));
#5080 = VECTOR('',#5081,1.);
#5081 = DIRECTION('',(-0.,-1.));
#5082 = ( GEOMETRIC_REPRESENTATION_CONTEXT(2) 
PARAMETRIC_REPRESENTATION_CONTEXT() REPRESENTATION_CONTEXT('2D SPACE',''
  ) );
#5083 = PCURVE('',#5007,#5084);
#5084 = DEFINITIONAL_REPRESENTATION('',(#5085),#5089);
#5085 = LINE('',#5086,#5087);
#5086 = CARTESIAN_POINT('',(-6.28318530718,0.));
#5087 = VECTOR('',#5088,1.);
#5088 = DIRECTION('',(-0.,-1.));
#5089 = ( GEOMETRIC_REPRESENTATION_CONTEXT(2) 
PARAMETRIC_REPRESENTATION_CONTEXT() REPRESENTATION_CONTEXT('2D SPACE',''
  ) );
#5090 = ORIENTED_EDGE('',*,*,#4990,.T.);
#5091 = ORIENTED_EDGE('',*,*,#5070,.F.);
#5092 = ORIENTED_EDGE('',*,*,#5040,.F.);
#5093 = ( GEOMETRIC_REPRESENTATION_CONTEXT(3) 
GLOBAL_UNCERTAINTY_ASSIGNED_CONTEXT((#5097)) 
GLOBAL_UNIT_ASSIGNED_CONTEXT((#5094,#5095,#5096)) REPRESENTATION_CONTEXT
('Context #1','3D Context with UNIT and UNCERTAINTY') );
#5094 = ( LENGTH_UNIT() NAMED_UNIT(*) SI_UNIT(.MILLI.,.METRE.) );
#5095 = ( NAMED_UNIT(*) PLANE_ANGLE_UNIT() SI_UNIT($,.RADIAN.) );
#5096 = ( NAMED_UNIT(*) SI_UNIT($,.STERADIAN.) SOLID_ANGLE_UNIT() );
#5097 = UNCERTAINTY_MEASURE_WITH_UNIT(LENGTH_MEASURE(1.E-07),#5094,
  'distance_accuracy_value','confusion accuracy');
#5098 = CONTEXT_DEPENDENT_SHAPE_REPRESENTATION(#5099,#5101);
#5099 = ( REPRESENTATION_RELATIONSHIP('','',#4254,#10) 
REPRESENTATION_RELATIONSHIP_WITH_TRANSFORMATION(#5100) 
SHAPE_REPRESENTATION_RELATIONSHIP() );
#5100 = ITEM_DEFINED_TRANSFORMATION('','',#11,#39);
#5101 = PRODUCT_DEFINITION_SHAPE('Placement','Placement of an item',
  #5102);
#5102 = NEXT_ASSEMBLY_USAGE_OCCURRENCE('52','brake_rotor_2','',#5,#4249,
  $);
#5103 = PRODUCT_RELATED_PRODUCT_CATEGORY('part',$,(#4251));
#5104 = MECHANICAL_DESIGN_GEOMETRIC_PRESENTATION_REPRESENTATION('',(
    #5105),#5093);
#5105 = STYLED_ITEM('color',(#5106),#4255);
#5106 = PRESENTATION_STYLE_ASSIGNMENT((#5107));
#5107 = SURFACE_STYLE_USAGE(.BOTH.,#5108);
#5108 = SURFACE_SIDE_STYLE('',(#5109));
#5109 = SURFACE_STYLE_FILL_AREA(#5110);
#5110 = FILL_AREA_STYLE('',(#5111));
#5111 = FILL_AREA_STYLE_COLOUR('',#5112);
#5112 = COLOUR_RGB('',0.500000003429,0.500000003429,0.55000000909);
#5113 = MECHANICAL_DESIGN_GEOMETRIC_PRESENTATION_REPRESENTATION('',(
    #5114),#4236);
#5114 = STYLED_ITEM('color',(#5115),#3398);
#5115 = PRESENTATION_STYLE_ASSIGNMENT((#5116));
#5116 = SURFACE_STYLE_USAGE(.BOTH.,#5117);
#5117 = SURFACE_SIDE_STYLE('',(#5118));
#5118 = SURFACE_STYLE_FILL_AREA(#5119);
#5119 = FILL_AREA_STYLE('',(#5120));
#5120 = FILL_AREA_STYLE_COLOUR('',#5112);
#5121 = MECHANICAL_DESIGN_GEOMETRIC_PRESENTATION_REPRESENTATION('',(
    #5122),#2784);
#5122 = STYLED_ITEM('color',(#5123),#2208);
#5123 = PRESENTATION_STYLE_ASSIGNMENT((#5124));
#5124 = SURFACE_STYLE_USAGE(.BOTH.,#5125);
#5125 = SURFACE_SIDE_STYLE('',(#5126));
#5126 = SURFACE_STYLE_FILL_AREA(#5127);
#5127 = FILL_AREA_STYLE('',(#5128));
#5128 = FILL_AREA_STYLE_COLOUR('',#5129);
#5129 = COLOUR_RGB('',0.800000010877,0.830000008529,0.879999997771);
#5130 = MECHANICAL_DESIGN_GEOMETRIC_PRESENTATION_REPRESENTATION('',(
    #5131),#1594);
#5131 = STYLED_ITEM('color',(#5132),#1018);
#5132 = PRESENTATION_STYLE_ASSIGNMENT((#5133));
#5133 = SURFACE_STYLE_USAGE(.BOTH.,#5134);
#5134 = SURFACE_SIDE_STYLE('',(#5135));
#5135 = SURFACE_STYLE_FILL_AREA(#5136);
#5136 = FILL_AREA_STYLE('',(#5137));
#5137 = FILL_AREA_STYLE_COLOUR('',#5129);
#5138 = MECHANICAL_DESIGN_GEOMETRIC_PRESENTATION_REPRESENTATION('',(
    #5139),#3379);
#5139 = STYLED_ITEM('color',(#5140),#2803);
#5140 = PRESENTATION_STYLE_ASSIGNMENT((#5141));
#5141 = SURFACE_STYLE_USAGE(.BOTH.,#5142);
#5142 = SURFACE_SIDE_STYLE('',(#5143));
#5143 = SURFACE_STYLE_FILL_AREA(#5144);
#5144 = FILL_AREA_STYLE('',(#5145));
#5145 = FILL_AREA_STYLE_COLOUR('',#5129);
#5146 = MECHANICAL_DESIGN_GEOMETRIC_PRESENTATION_REPRESENTATION('',(
    #5147),#2189);
#5147 = STYLED_ITEM('color',(#5148),#1613);
#5148 = PRESENTATION_STYLE_ASSIGNMENT((#5149));
#5149 = SURFACE_STYLE_USAGE(.BOTH.,#5150);
#5150 = SURFACE_SIDE_STYLE('',(#5151));
#5151 = SURFACE_STYLE_FILL_AREA(#5152);
#5152 = FILL_AREA_STYLE('',(#5153));
#5153 = FILL_AREA_STYLE_COLOUR('',#5129);
#5154 = MECHANICAL_DESIGN_GEOMETRIC_PRESENTATION_REPRESENTATION('',(
    #5155),#999);
#5155 = STYLED_ITEM('color',(#5156),#57);
#5156 = PRESENTATION_STYLE_ASSIGNMENT((#5157));
#5157 = SURFACE_STYLE_USAGE(.BOTH.,#5158);
#5158 = SURFACE_SIDE_STYLE('',(#5159));
#5159 = SURFACE_STYLE_FILL_AREA(#5160);
#5160 = FILL_AREA_STYLE('',(#5161));
#5161 = FILL_AREA_STYLE_COLOUR('',#5162);
#5162 = COLOUR_RGB('',0.170000001676,0.210000004305,0.27999999963);
ENDSEC;
END-ISO-10303-21;
